path,subset,damage_type,location,lon,lat
D:\codes\Flood-Detection-Using-Deep-Learning-Model-From-Satellite-Images-\FloodDataset\test\damage\70.1272_25.7507.jpg,test,damage,70.1272_25.7507,70.1272,25.7507
D:\codes\Flood-Detection-Using-Deep-Learning-Model-From-Satellite-Images-\FloodDataset\test\damage\84.5998_12.7808.jpg,test,damage,84.5998_12.7808,84.5998,12.7808
D:\codes\Flood-Detection-Using-Deep-Learning-Model-From-Satellite-Images-\FloodDataset\test\damage\79.7187_16.1834.jpg,test,damage,79.7187_16.1834,79.7187,16.1834
D:\codes\Flood-Detection-Using-Deep-Learning-Model-From-Satellite-Images-\FloodDataset\test\damage\94.1299_32.2843.jpg,test,damage,94.1299_32.2843,94.1299,32.2843
D:\codes\Flood-Detection-Using-Deep-Learning-Model-From-Satellite-Images-\FloodDataset\test\damage\80.2356_30.8339.jpg,test,damage,80.2356_30.8339,80.2356,30.8339
D:\codes\Flood-Detection-Using-Deep-Learning-Model-From-Satellite-Images-\FloodDataset\test\damage\85.3904_12.8451.jpg,test,damage,85.3904_12.8451,85.3904,12.8451
D:\codes\Flood-Detection-Using-Deep-Learning-Model-From-Satellite-Images-\FloodDataset\test\damage\94.9563_8.2761.jpg,test,damage,94.9563_8.2761,94.9563,8.2761
D:\codes\Flood-Detection-Using-Deep-Learning-Model-From-Satellite-Images-\FloodDataset\test\damage\71.1151_15.7894.jpg,test,damage,71.1151_15.7894,71.1151,15.7894
D:\codes\Flood-Detection-Using-Deep-Learning-Model-From-Satellite-Images-\FloodDataset\test\damage\95.8108_11.1695.jpg,test,damage,95.8108_11.1695,95.8108,11.1695
D:\codes\Flood-Detection-Using-Deep-Learning-Model-From-Satellite-Images-\FloodDataset\test\damage\71.1368_8.5037.jpg,test,damage,71.1368_8.5037,71.1368,8.5037
D:\codes\Flood-Detection-Using-Deep-Learning-Model-From-Satellite-Images-\FloodDataset\test\damage\96.8712_27.9601.jpg,test,damage,96.8712_27.9601,96.8712,27.9601
D:\codes\Flood-Detection-Using-Deep-Learning-Model-From-Satellite-Images-\FloodDataset\test\damage\90.5986_15.9329.jpg,test,damage,90.5986_15.9329,90.5986,15.9329
D:\codes\Flood-Detection-Using-Deep-Learning-Model-From-Satellite-Images-\FloodDataset\test\damage\71.6386_26.265.jpg,test,damage,71.6386_26.265,71.6386,26.265
D:\codes\Flood-Detection-Using-Deep-Learning-Model-From-Satellite-Images-\FloodDataset\test\damage\87.8322_24.0142.jpg,test,damage,87.8322_24.0142,87.8322,24.0142
D:\codes\Flood-Detection-Using-Deep-Learning-Model-From-Satellite-Images-\FloodDataset\test\damage\88.8796_17.1844.jpg,test,damage,88.8796_17.1844,88.8796,17.1844
D:\codes\Flood-Detection-Using-Deep-Learning-Model-From-Satellite-Images-\FloodDataset\test\damage\95.2527_12.7666.jpg,test,damage,95.2527_12.7666,95.2527,12.7666
D:\codes\Flood-Detection-Using-Deep-Learning-Model-From-Satellite-Images-\FloodDataset\test\damage\75.8689_16.9565.jpg,test,damage,75.8689_16.9565,75.8689,16.9565
D:\codes\Flood-Detection-Using-Deep-Learning-Model-From-Satellite-Images-\FloodDataset\test\damage\85.9815_15.9461.jpg,test,damage,85.9815_15.9461,85.9815,15.9461
D:\codes\Flood-Detection-Using-Deep-Learning-Model-From-Satellite-Images-\FloodDataset\test\damage\95.4845_23.0226.jpg,test,damage,95.4845_23.0226,95.4845,23.0226
D:\codes\Flood-Detection-Using-Deep-Learning-Model-From-Satellite-Images-\FloodDataset\test\damage\88.5402_36.7309.jpg,test,damage,88.5402_36.7309,88.5402,36.7309
D:\codes\Flood-Detection-Using-Deep-Learning-Model-From-Satellite-Images-\FloodDataset\test\damage\94.7927_36.9665.jpg,test,damage,94.7927_36.9665,94.7927,36.9665
D:\codes\Flood-Detection-Using-Deep-Learning-Model-From-Satellite-Images-\FloodDataset\test\damage\87.727_9.4865.jpg,test,damage,87.727_9.4865,87.727,9.4865
D:\codes\Flood-Detection-Using-Deep-Learning-Model-From-Satellite-Images-\FloodDataset\test\damage\76.7621_24.751.jpg,test,damage,76.7621_24.751,76.7621,24.751
D:\codes\Flood-Detection-Using-Deep-Learning-Model-From-Satellite-Images-\FloodDataset\test\damage\82.1047_23.6022.jpg,test,damage,82.1047_23.6022,82.1047,23.6022
D:\codes\Flood-Detection-Using-Deep-Learning-Model-From-Satellite-Images-\FloodDataset\test\damage\83.5086_31.2293.jpg,test,damage,83.5086_31.2293,83.5086,31.2293
D:\codes\Flood-Detection-Using-Deep-Learning-Model-From-Satellite-Images-\FloodDataset\test\damage\78.8929_14.7032.jpg,test,damage,78.8929_14.7032,78.8929,14.7032
D:\codes\Flood-Detection-Using-Deep-Learning-Model-From-Satellite-Images-\FloodDataset\test\damage\82.9509_27.6437.jpg,test,damage,82.9509_27.6437,82.9509,27.6437
D:\codes\Flood-Detection-Using-Deep-Learning-Model-From-Satellite-Images-\FloodDataset\test\damage\86.6052_24.4928.jpg,test,damage,86.6052_24.4928,86.6052,24.4928
D:\codes\Flood-Detection-Using-Deep-Learning-Model-From-Satellite-Images-\FloodDataset\test\damage\69.0224_24.2571.jpg,test,damage,69.0224_24.2571,69.0224,24.2571
D:\codes\Flood-Detection-Using-Deep-Learning-Model-From-Satellite-Images-\FloodDataset\test\damage\91.3826_19.4102.jpg,test,damage,91.3826_19.4102,91.3826,19.4102
D:\codes\Flood-Detection-Using-Deep-Learning-Model-From-Satellite-Images-\FloodDataset\test\damage\71.9919_33.4458.jpg,test,damage,71.9919_33.4458,71.9919,33.4458
D:\codes\Flood-Detection-Using-Deep-Learning-Model-From-Satellite-Images-\FloodDataset\test\damage\89.5249_9.2585.jpg,test,damage,89.5249_9.2585,89.5249,9.2585
D:\codes\Flood-Detection-Using-Deep-Learning-Model-From-Satellite-Images-\FloodDataset\test\damage\73.3982_25.0994.jpg,test,damage,73.3982_25.0994,73.3982,25.0994
D:\codes\Flood-Detection-Using-Deep-Learning-Model-From-Satellite-Images-\FloodDataset\test\damage\74.3466_8.1985.jpg,test,damage,74.3466_8.1985,74.3466,8.1985
D:\codes\Flood-Detection-Using-Deep-Learning-Model-From-Satellite-Images-\FloodDataset\test\damage\68.7836_18.6765.jpg,test,damage,68.7836_18.6765,68.7836,18.6765
D:\codes\Flood-Detection-Using-Deep-Learning-Model-From-Satellite-Images-\FloodDataset\test\damage\90.237_10.4874.jpg,test,damage,90.237_10.4874,90.237,10.4874
D:\codes\Flood-Detection-Using-Deep-Learning-Model-From-Satellite-Images-\FloodDataset\test\damage\73.7462_27.8417.jpg,test,damage,73.7462_27.8417,73.7462,27.8417
D:\codes\Flood-Detection-Using-Deep-Learning-Model-From-Satellite-Images-\FloodDataset\test\damage\76.85_10.0658.jpg,test,damage,76.85_10.0658,76.85,10.0658
D:\codes\Flood-Detection-Using-Deep-Learning-Model-From-Satellite-Images-\FloodDataset\test\damage\68.0741_33.2306.jpg,test,damage,68.0741_33.2306,68.0741,33.2306
D:\codes\Flood-Detection-Using-Deep-Learning-Model-From-Satellite-Images-\FloodDataset\test\damage\74.9882_32.5398.jpg,test,damage,74.9882_32.5398,74.9882,32.5398
D:\codes\Flood-Detection-Using-Deep-Learning-Model-From-Satellite-Images-\FloodDataset\test\damage\73.1881_18.3542.jpg,test,damage,73.1881_18.3542,73.1881,18.3542
D:\codes\Flood-Detection-Using-Deep-Learning-Model-From-Satellite-Images-\FloodDataset\test\damage\95.922_29.7617.jpg,test,damage,95.922_29.7617,95.922,29.7617
D:\codes\Flood-Detection-Using-Deep-Learning-Model-From-Satellite-Images-\FloodDataset\test\damage\81.9484_22.6737.jpg,test,damage,81.9484_22.6737,81.9484,22.6737
D:\codes\Flood-Detection-Using-Deep-Learning-Model-From-Satellite-Images-\FloodDataset\test\damage\73.4052_23.2662.jpg,test,damage,73.4052_23.2662,73.4052,23.2662
D:\codes\Flood-Detection-Using-Deep-Learning-Model-From-Satellite-Images-\FloodDataset\test\damage\91.1557_14.9873.jpg,test,damage,91.1557_14.9873,91.1557,14.9873
D:\codes\Flood-Detection-Using-Deep-Learning-Model-From-Satellite-Images-\FloodDataset\test\damage\79.6312_22.1322.jpg,test,damage,79.6312_22.1322,79.6312,22.1322
D:\codes\Flood-Detection-Using-Deep-Learning-Model-From-Satellite-Images-\FloodDataset\test\damage\95.5814_20.7451.jpg,test,damage,95.5814_20.7451,95.5814,20.7451
D:\codes\Flood-Detection-Using-Deep-Learning-Model-From-Satellite-Images-\FloodDataset\test\damage\89.2535_14.8111.jpg,test,damage,89.2535_14.8111,89.2535,14.8111
D:\codes\Flood-Detection-Using-Deep-Learning-Model-From-Satellite-Images-\FloodDataset\test\damage\92.7457_8.6374.jpg,test,damage,92.7457_8.6374,92.7457,8.6374
D:\codes\Flood-Detection-Using-Deep-Learning-Model-From-Satellite-Images-\FloodDataset\test\damage\75.0721_14.0511.jpg,test,damage,75.0721_14.0511,75.0721,14.0511
D:\codes\Flood-Detection-Using-Deep-Learning-Model-From-Satellite-Images-\FloodDataset\test\damage\86.6865_15.0681.jpg,test,damage,86.6865_15.0681,86.6865,15.0681
D:\codes\Flood-Detection-Using-Deep-Learning-Model-From-Satellite-Images-\FloodDataset\test\damage\71.1363_35.0966.jpg,test,damage,71.1363_35.0966,71.1363,35.0966
D:\codes\Flood-Detection-Using-Deep-Learning-Model-From-Satellite-Images-\FloodDataset\test\damage\82.0274_13.8744.jpg,test,damage,82.0274_13.8744,82.0274,13.8744
D:\codes\Flood-Detection-Using-Deep-Learning-Model-From-Satellite-Images-\FloodDataset\test\damage\87.1872_34.1248.jpg,test,damage,87.1872_34.1248,87.1872,34.1248
D:\codes\Flood-Detection-Using-Deep-Learning-Model-From-Satellite-Images-\FloodDataset\test\damage\87.2063_33.4066.jpg,test,damage,87.2063_33.4066,87.2063,33.4066
D:\codes\Flood-Detection-Using-Deep-Learning-Model-From-Satellite-Images-\FloodDataset\test\damage\92.7424_17.8893.jpg,test,damage,92.7424_17.8893,92.7424,17.8893
D:\codes\Flood-Detection-Using-Deep-Learning-Model-From-Satellite-Images-\FloodDataset\test\damage\94.7908_36.5319.jpg,test,damage,94.7908_36.5319,94.7908,36.5319
D:\codes\Flood-Detection-Using-Deep-Learning-Model-From-Satellite-Images-\FloodDataset\test\damage\91.6223_11.0157.jpg,test,damage,91.6223_11.0157,91.6223,11.0157
D:\codes\Flood-Detection-Using-Deep-Learning-Model-From-Satellite-Images-\FloodDataset\test\damage\89.4916_15.1861.jpg,test,damage,89.4916_15.1861,89.4916,15.1861
D:\codes\Flood-Detection-Using-Deep-Learning-Model-From-Satellite-Images-\FloodDataset\test\damage\72.1569_19.8667.jpg,test,damage,72.1569_19.8667,72.1569,19.8667
D:\codes\Flood-Detection-Using-Deep-Learning-Model-From-Satellite-Images-\FloodDataset\test\damage\86.4537_22.145.jpg,test,damage,86.4537_22.145,86.4537,22.145
D:\codes\Flood-Detection-Using-Deep-Learning-Model-From-Satellite-Images-\FloodDataset\test\damage\71.3891_27.6629.jpg,test,damage,71.3891_27.6629,71.3891,27.6629
D:\codes\Flood-Detection-Using-Deep-Learning-Model-From-Satellite-Images-\FloodDataset\test\damage\82.1007_31.2608.jpg,test,damage,82.1007_31.2608,82.1007,31.2608
D:\codes\Flood-Detection-Using-Deep-Learning-Model-From-Satellite-Images-\FloodDataset\test\damage\94.5067_34.9524.jpg,test,damage,94.5067_34.9524,94.5067,34.9524
D:\codes\Flood-Detection-Using-Deep-Learning-Model-From-Satellite-Images-\FloodDataset\test\damage\82.289_13.5232.jpg,test,damage,82.289_13.5232,82.289,13.5232
D:\codes\Flood-Detection-Using-Deep-Learning-Model-From-Satellite-Images-\FloodDataset\test\damage\96.0997_9.1313.jpg,test,damage,96.0997_9.1313,96.0997,9.1313
D:\codes\Flood-Detection-Using-Deep-Learning-Model-From-Satellite-Images-\FloodDataset\test\damage\68.8432_16.0915.jpg,test,damage,68.8432_16.0915,68.8432,16.0915
D:\codes\Flood-Detection-Using-Deep-Learning-Model-From-Satellite-Images-\FloodDataset\test\damage\70.4515_33.1941.jpg,test,damage,70.4515_33.1941,70.4515,33.1941
D:\codes\Flood-Detection-Using-Deep-Learning-Model-From-Satellite-Images-\FloodDataset\test\damage\94.6553_8.9357.jpg,test,damage,94.6553_8.9357,94.6553,8.9357
D:\codes\Flood-Detection-Using-Deep-Learning-Model-From-Satellite-Images-\FloodDataset\test\damage\68.6931_19.1701.jpg,test,damage,68.6931_19.1701,68.6931,19.1701
D:\codes\Flood-Detection-Using-Deep-Learning-Model-From-Satellite-Images-\FloodDataset\test\damage\95.3307_36.0737.jpg,test,damage,95.3307_36.0737,95.3307,36.0737
D:\codes\Flood-Detection-Using-Deep-Learning-Model-From-Satellite-Images-\FloodDataset\test\damage\95.0443_11.2657.jpg,test,damage,95.0443_11.2657,95.0443,11.2657
D:\codes\Flood-Detection-Using-Deep-Learning-Model-From-Satellite-Images-\FloodDataset\test\damage\94.6661_13.3542.jpg,test,damage,94.6661_13.3542,94.6661,13.3542
D:\codes\Flood-Detection-Using-Deep-Learning-Model-From-Satellite-Images-\FloodDataset\test\damage\70.6753_29.763.jpg,test,damage,70.6753_29.763,70.6753,29.763
D:\codes\Flood-Detection-Using-Deep-Learning-Model-From-Satellite-Images-\FloodDataset\test\damage\69.216_21.0259.jpg,test,damage,69.216_21.0259,69.216,21.0259
D:\codes\Flood-Detection-Using-Deep-Learning-Model-From-Satellite-Images-\FloodDataset\test\damage\87.4272_31.3795.jpg,test,damage,87.4272_31.3795,87.4272,31.3795
D:\codes\Flood-Detection-Using-Deep-Learning-Model-From-Satellite-Images-\FloodDataset\test\damage\70.957_32.0768.jpg,test,damage,70.957_32.0768,70.957,32.0768
D:\codes\Flood-Detection-Using-Deep-Learning-Model-From-Satellite-Images-\FloodDataset\test\damage\92.0365_12.0621.jpg,test,damage,92.0365_12.0621,92.0365,12.0621
D:\codes\Flood-Detection-Using-Deep-Learning-Model-From-Satellite-Images-\FloodDataset\test\damage\86.7406_16.0461.jpg,test,damage,86.7406_16.0461,86.7406,16.0461
D:\codes\Flood-Detection-Using-Deep-Learning-Model-From-Satellite-Images-\FloodDataset\test\damage\74.1081_8.8722.jpg,test,damage,74.1081_8.8722,74.1081,8.8722
D:\codes\Flood-Detection-Using-Deep-Learning-Model-From-Satellite-Images-\FloodDataset\test\damage\76.9607_19.7785.jpg,test,damage,76.9607_19.7785,76.9607,19.7785
D:\codes\Flood-Detection-Using-Deep-Learning-Model-From-Satellite-Images-\FloodDataset\test\damage\96.154_12.8957.jpg,test,damage,96.154_12.8957,96.154,12.8957
D:\codes\Flood-Detection-Using-Deep-Learning-Model-From-Satellite-Images-\FloodDataset\test\notdamage\73.1431_36.3145.jpg,test,notdamage,73.1431_36.3145,73.1431,36.3145
D:\codes\Flood-Detection-Using-Deep-Learning-Model-From-Satellite-Images-\FloodDataset\test\notdamage\76.8026_28.3977.jpg,test,notdamage,76.8026_28.3977,76.8026,28.3977
D:\codes\Flood-Detection-Using-Deep-Learning-Model-From-Satellite-Images-\FloodDataset\test\notdamage\73.5069_15.2385.jpg,test,notdamage,73.5069_15.2385,73.5069,15.2385
D:\codes\Flood-Detection-Using-Deep-Learning-Model-From-Satellite-Images-\FloodDataset\test\notdamage\72.1233_30.891.jpg,test,notdamage,72.1233_30.891,72.1233,30.891
D:\codes\Flood-Detection-Using-Deep-Learning-Model-From-Satellite-Images-\FloodDataset\test\notdamage\94.0177_24.23.jpg,test,notdamage,94.0177_24.23,94.0177,24.23
D:\codes\Flood-Detection-Using-Deep-Learning-Model-From-Satellite-Images-\FloodDataset\test\notdamage\88.1872_16.0408.jpg,test,notdamage,88.1872_16.0408,88.1872,16.0408
D:\codes\Flood-Detection-Using-Deep-Learning-Model-From-Satellite-Images-\FloodDataset\test\notdamage\76.769_16.5463.jpg,test,notdamage,76.769_16.5463,76.769,16.5463
D:\codes\Flood-Detection-Using-Deep-Learning-Model-From-Satellite-Images-\FloodDataset\test\notdamage\75.5351_29.7667.jpg,test,notdamage,75.5351_29.7667,75.5351,29.7667
D:\codes\Flood-Detection-Using-Deep-Learning-Model-From-Satellite-Images-\FloodDataset\test\notdamage\78.2449_16.6992.jpg,test,notdamage,78.2449_16.6992,78.2449,16.6992
D:\codes\Flood-Detection-Using-Deep-Learning-Model-From-Satellite-Images-\FloodDataset\test\notdamage\93.4594_14.156.jpg,test,notdamage,93.4594_14.156,93.4594,14.156
D:\codes\Flood-Detection-Using-Deep-Learning-Model-From-Satellite-Images-\FloodDataset\test\notdamage\77.907_19.8723.jpg,test,notdamage,77.907_19.8723,77.907,19.8723
D:\codes\Flood-Detection-Using-Deep-Learning-Model-From-Satellite-Images-\FloodDataset\test\notdamage\73.0132_13.4809.jpg,test,notdamage,73.0132_13.4809,73.0132,13.4809
D:\codes\Flood-Detection-Using-Deep-Learning-Model-From-Satellite-Images-\FloodDataset\test\notdamage\92.1816_30.7771.jpg,test,notdamage,92.1816_30.7771,92.1816,30.7771
D:\codes\Flood-Detection-Using-Deep-Learning-Model-From-Satellite-Images-\FloodDataset\test\notdamage\81.8652_27.2813.jpg,test,notdamage,81.8652_27.2813,81.8652,27.2813
D:\codes\Flood-Detection-Using-Deep-Learning-Model-From-Satellite-Images-\FloodDataset\test\notdamage\80.7368_17.383.jpg,test,notdamage,80.7368_17.383,80.7368,17.383
D:\codes\Flood-Detection-Using-Deep-Learning-Model-From-Satellite-Images-\FloodDataset\test\notdamage\87.8297_14.0655.jpg,test,notdamage,87.8297_14.0655,87.8297,14.0655
D:\codes\Flood-Detection-Using-Deep-Learning-Model-From-Satellite-Images-\FloodDataset\test\notdamage\93.7704_32.0815.jpg,test,notdamage,93.7704_32.0815,93.7704,32.0815
D:\codes\Flood-Detection-Using-Deep-Learning-Model-From-Satellite-Images-\FloodDataset\test\notdamage\78.3085_18.5767.jpg,test,notdamage,78.3085_18.5767,78.3085,18.5767
D:\codes\Flood-Detection-Using-Deep-Learning-Model-From-Satellite-Images-\FloodDataset\test\notdamage\77.8393_13.5701.jpg,test,notdamage,77.8393_13.5701,77.8393,13.5701
D:\codes\Flood-Detection-Using-Deep-Learning-Model-From-Satellite-Images-\FloodDataset\test\notdamage\95.8833_31.2716.jpg,test,notdamage,95.8833_31.2716,95.8833,31.2716
D:\codes\Flood-Detection-Using-Deep-Learning-Model-From-Satellite-Images-\FloodDataset\test\notdamage\81.4307_15.1132.jpg,test,notdamage,81.4307_15.1132,81.4307,15.1132
D:\codes\Flood-Detection-Using-Deep-Learning-Model-From-Satellite-Images-\FloodDataset\test\notdamage\90.5695_31.4841.jpg,test,notdamage,90.5695_31.4841,90.5695,31.4841
D:\codes\Flood-Detection-Using-Deep-Learning-Model-From-Satellite-Images-\FloodDataset\test\notdamage\89.5124_19.403.jpg,test,notdamage,89.5124_19.403,89.5124,19.403
D:\codes\Flood-Detection-Using-Deep-Learning-Model-From-Satellite-Images-\FloodDataset\test\notdamage\69.797_14.3719.jpg,test,notdamage,69.797_14.3719,69.797,14.3719
D:\codes\Flood-Detection-Using-Deep-Learning-Model-From-Satellite-Images-\FloodDataset\test\notdamage\76.5357_20.0635.jpg,test,notdamage,76.5357_20.0635,76.5357,20.0635
D:\codes\Flood-Detection-Using-Deep-Learning-Model-From-Satellite-Images-\FloodDataset\test\notdamage\71.4704_24.4104.jpg,test,notdamage,71.4704_24.4104,71.4704,24.4104
D:\codes\Flood-Detection-Using-Deep-Learning-Model-From-Satellite-Images-\FloodDataset\test\notdamage\83.4082_21.1933.jpg,test,notdamage,83.4082_21.1933,83.4082,21.1933
D:\codes\Flood-Detection-Using-Deep-Learning-Model-From-Satellite-Images-\FloodDataset\test\notdamage\74.9218_34.5706.jpg,test,notdamage,74.9218_34.5706,74.9218,34.5706
D:\codes\Flood-Detection-Using-Deep-Learning-Model-From-Satellite-Images-\FloodDataset\test\notdamage\85.9769_25.4625.jpg,test,notdamage,85.9769_25.4625,85.9769,25.4625
D:\codes\Flood-Detection-Using-Deep-Learning-Model-From-Satellite-Images-\FloodDataset\test\notdamage\74.4509_27.2135.jpg,test,notdamage,74.4509_27.2135,74.4509,27.2135
D:\codes\Flood-Detection-Using-Deep-Learning-Model-From-Satellite-Images-\FloodDataset\test\notdamage\80.2892_22.0147.jpg,test,notdamage,80.2892_22.0147,80.2892,22.0147
D:\codes\Flood-Detection-Using-Deep-Learning-Model-From-Satellite-Images-\FloodDataset\test\notdamage\82.0322_20.477.jpg,test,notdamage,82.0322_20.477,82.0322,20.477
D:\codes\Flood-Detection-Using-Deep-Learning-Model-From-Satellite-Images-\FloodDataset\test\notdamage\81.5301_8.5092.jpg,test,notdamage,81.5301_8.5092,81.5301,8.5092
D:\codes\Flood-Detection-Using-Deep-Learning-Model-From-Satellite-Images-\FloodDataset\test\notdamage\72.7398_30.1242.jpg,test,notdamage,72.7398_30.1242,72.7398,30.1242
D:\codes\Flood-Detection-Using-Deep-Learning-Model-From-Satellite-Images-\FloodDataset\test\notdamage\72.873_22.7355.jpg,test,notdamage,72.873_22.7355,72.873,22.7355
D:\codes\Flood-Detection-Using-Deep-Learning-Model-From-Satellite-Images-\FloodDataset\test\notdamage\81.011_16.1024.jpg,test,notdamage,81.011_16.1024,81.011,16.1024
D:\codes\Flood-Detection-Using-Deep-Learning-Model-From-Satellite-Images-\FloodDataset\test\notdamage\68.5558_36.7787.jpg,test,notdamage,68.5558_36.7787,68.5558,36.7787
D:\codes\Flood-Detection-Using-Deep-Learning-Model-From-Satellite-Images-\FloodDataset\test\notdamage\73.1247_34.71.jpg,test,notdamage,73.1247_34.71,73.1247,34.71
D:\codes\Flood-Detection-Using-Deep-Learning-Model-From-Satellite-Images-\FloodDataset\test\notdamage\90.4337_11.9554.jpg,test,notdamage,90.4337_11.9554,90.4337,11.9554
D:\codes\Flood-Detection-Using-Deep-Learning-Model-From-Satellite-Images-\FloodDataset\test\notdamage\73.04_18.5595.jpg,test,notdamage,73.04_18.5595,73.04,18.5595
D:\codes\Flood-Detection-Using-Deep-Learning-Model-From-Satellite-Images-\FloodDataset\test\notdamage\77.0283_13.882.jpg,test,notdamage,77.0283_13.882,77.0283,13.882
D:\codes\Flood-Detection-Using-Deep-Learning-Model-From-Satellite-Images-\FloodDataset\test\notdamage\95.7973_27.2316.jpg,test,notdamage,95.7973_27.2316,95.7973,27.2316
D:\codes\Flood-Detection-Using-Deep-Learning-Model-From-Satellite-Images-\FloodDataset\test\notdamage\85.5706_12.1481.jpg,test,notdamage,85.5706_12.1481,85.5706,12.1481
D:\codes\Flood-Detection-Using-Deep-Learning-Model-From-Satellite-Images-\FloodDataset\test\notdamage\81.6442_14.3514.jpg,test,notdamage,81.6442_14.3514,81.6442,14.3514
D:\codes\Flood-Detection-Using-Deep-Learning-Model-From-Satellite-Images-\FloodDataset\test\notdamage\75.0671_21.673.jpg,test,notdamage,75.0671_21.673,75.0671,21.673
D:\codes\Flood-Detection-Using-Deep-Learning-Model-From-Satellite-Images-\FloodDataset\test\notdamage\73.494_23.3125.jpg,test,notdamage,73.494_23.3125,73.494,23.3125
D:\codes\Flood-Detection-Using-Deep-Learning-Model-From-Satellite-Images-\FloodDataset\test\notdamage\71.132_29.5121.jpg,test,notdamage,71.132_29.5121,71.132,29.5121
D:\codes\Flood-Detection-Using-Deep-Learning-Model-From-Satellite-Images-\FloodDataset\test\notdamage\71.2879_27.4715.jpg,test,notdamage,71.2879_27.4715,71.2879,27.4715
D:\codes\Flood-Detection-Using-Deep-Learning-Model-From-Satellite-Images-\FloodDataset\test\notdamage\75.9541_14.572.jpg,test,notdamage,75.9541_14.572,75.9541,14.572
D:\codes\Flood-Detection-Using-Deep-Learning-Model-From-Satellite-Images-\FloodDataset\test\notdamage\88.3696_23.3224.jpg,test,notdamage,88.3696_23.3224,88.3696,23.3224
D:\codes\Flood-Detection-Using-Deep-Learning-Model-From-Satellite-Images-\FloodDataset\test\notdamage\74.7433_19.8571.jpg,test,notdamage,74.7433_19.8571,74.7433,19.8571
D:\codes\Flood-Detection-Using-Deep-Learning-Model-From-Satellite-Images-\FloodDataset\test\notdamage\69.7681_28.268.jpg,test,notdamage,69.7681_28.268,69.7681,28.268
D:\codes\Flood-Detection-Using-Deep-Learning-Model-From-Satellite-Images-\FloodDataset\test\notdamage\83.4795_36.1759.jpg,test,notdamage,83.4795_36.1759,83.4795,36.1759
D:\codes\Flood-Detection-Using-Deep-Learning-Model-From-Satellite-Images-\FloodDataset\test\notdamage\75.214_27.0392.jpg,test,notdamage,75.214_27.0392,75.214,27.0392
D:\codes\Flood-Detection-Using-Deep-Learning-Model-From-Satellite-Images-\FloodDataset\test\notdamage\96.6926_36.2334.jpg,test,notdamage,96.6926_36.2334,96.6926,36.2334
D:\codes\Flood-Detection-Using-Deep-Learning-Model-From-Satellite-Images-\FloodDataset\test\notdamage\86.0217_9.1819.jpg,test,notdamage,86.0217_9.1819,86.0217,9.1819
D:\codes\Flood-Detection-Using-Deep-Learning-Model-From-Satellite-Images-\FloodDataset\test\notdamage\86.2711_35.5123.jpg,test,notdamage,86.2711_35.5123,86.2711,35.5123
D:\codes\Flood-Detection-Using-Deep-Learning-Model-From-Satellite-Images-\FloodDataset\test\notdamage\85.2565_22.7884.jpg,test,notdamage,85.2565_22.7884,85.2565,22.7884
D:\codes\Flood-Detection-Using-Deep-Learning-Model-From-Satellite-Images-\FloodDataset\test\notdamage\81.1123_23.936.jpg,test,notdamage,81.1123_23.936,81.1123,23.936
D:\codes\Flood-Detection-Using-Deep-Learning-Model-From-Satellite-Images-\FloodDataset\test\notdamage\91.3482_27.5262.jpg,test,notdamage,91.3482_27.5262,91.3482,27.5262
D:\codes\Flood-Detection-Using-Deep-Learning-Model-From-Satellite-Images-\FloodDataset\test\notdamage\91.9278_14.5067.jpg,test,notdamage,91.9278_14.5067,91.9278,14.5067
D:\codes\Flood-Detection-Using-Deep-Learning-Model-From-Satellite-Images-\FloodDataset\test\notdamage\81.6073_31.773.jpg,test,notdamage,81.6073_31.773,81.6073,31.773
D:\codes\Flood-Detection-Using-Deep-Learning-Model-From-Satellite-Images-\FloodDataset\test\notdamage\93.2457_30.363.jpg,test,notdamage,93.2457_30.363,93.2457,30.363
D:\codes\Flood-Detection-Using-Deep-Learning-Model-From-Satellite-Images-\FloodDataset\test\notdamage\93.1574_18.4154.jpg,test,notdamage,93.1574_18.4154,93.1574,18.4154
D:\codes\Flood-Detection-Using-Deep-Learning-Model-From-Satellite-Images-\FloodDataset\test\notdamage\96.606_10.8687.jpg,test,notdamage,96.606_10.8687,96.606,10.8687
D:\codes\Flood-Detection-Using-Deep-Learning-Model-From-Satellite-Images-\FloodDataset\test\notdamage\74.7752_25.3135.jpg,test,notdamage,74.7752_25.3135,74.7752,25.3135
D:\codes\Flood-Detection-Using-Deep-Learning-Model-From-Satellite-Images-\FloodDataset\test\notdamage\84.2945_33.0873.jpg,test,notdamage,84.2945_33.0873,84.2945,33.0873
D:\codes\Flood-Detection-Using-Deep-Learning-Model-From-Satellite-Images-\FloodDataset\test\notdamage\92.6794_33.7828.jpg,test,notdamage,92.6794_33.7828,92.6794,33.7828
D:\codes\Flood-Detection-Using-Deep-Learning-Model-From-Satellite-Images-\FloodDataset\test\notdamage\92.1341_28.017.jpg,test,notdamage,92.1341_28.017,92.1341,28.017
D:\codes\Flood-Detection-Using-Deep-Learning-Model-From-Satellite-Images-\FloodDataset\test\notdamage\84.2561_21.6093.jpg,test,notdamage,84.2561_21.6093,84.2561,21.6093
D:\codes\Flood-Detection-Using-Deep-Learning-Model-From-Satellite-Images-\FloodDataset\test\notdamage\80.984_18.0311.jpg,test,notdamage,80.984_18.0311,80.984,18.0311
D:\codes\Flood-Detection-Using-Deep-Learning-Model-From-Satellite-Images-\FloodDataset\test\notdamage\75.5723_13.7887.jpg,test,notdamage,75.5723_13.7887,75.5723,13.7887
D:\codes\Flood-Detection-Using-Deep-Learning-Model-From-Satellite-Images-\FloodDataset\test\notdamage\93.7711_21.973.jpg,test,notdamage,93.7711_21.973,93.7711,21.973
D:\codes\Flood-Detection-Using-Deep-Learning-Model-From-Satellite-Images-\FloodDataset\test\notdamage\79.3224_31.0001.jpg,test,notdamage,79.3224_31.0001,79.3224,31.0001
D:\codes\Flood-Detection-Using-Deep-Learning-Model-From-Satellite-Images-\FloodDataset\test\notdamage\80.579_23.2474.jpg,test,notdamage,80.579_23.2474,80.579,23.2474
D:\codes\Flood-Detection-Using-Deep-Learning-Model-From-Satellite-Images-\FloodDataset\test\notdamage\73.9248_35.3543.jpg,test,notdamage,73.9248_35.3543,73.9248,35.3543
D:\codes\Flood-Detection-Using-Deep-Learning-Model-From-Satellite-Images-\FloodDataset\test\notdamage\95.625_12.4883.jpg,test,notdamage,95.625_12.4883,95.625,12.4883
D:\codes\Flood-Detection-Using-Deep-Learning-Model-From-Satellite-Images-\FloodDataset\test\notdamage\92.8667_27.8311.jpg,test,notdamage,92.8667_27.8311,92.8667,27.8311
D:\codes\Flood-Detection-Using-Deep-Learning-Model-From-Satellite-Images-\FloodDataset\test\notdamage\76.0599_24.8788.jpg,test,notdamage,76.0599_24.8788,76.0599,24.8788
D:\codes\Flood-Detection-Using-Deep-Learning-Model-From-Satellite-Images-\FloodDataset\test\notdamage\83.4836_21.743.jpg,test,notdamage,83.4836_21.743,83.4836,21.743
D:\codes\Flood-Detection-Using-Deep-Learning-Model-From-Satellite-Images-\FloodDataset\test\notdamage\76.6577_8.6059.jpg,test,notdamage,76.6577_8.6059,76.6577,8.6059
D:\codes\Flood-Detection-Using-Deep-Learning-Model-From-Satellite-Images-\FloodDataset\test\notdamage\87.0808_29.647.jpg,test,notdamage,87.0808_29.647,87.0808,29.647
D:\codes\Flood-Detection-Using-Deep-Learning-Model-From-Satellite-Images-\FloodDataset\test\notdamage\73.9819_34.7967.jpg,test,notdamage,73.9819_34.7967,73.9819,34.7967
D:\codes\Flood-Detection-Using-Deep-Learning-Model-From-Satellite-Images-\FloodDataset\test\notdamage\70.4354_28.1169.jpg,test,notdamage,70.4354_28.1169,70.4354,28.1169
D:\codes\Flood-Detection-Using-Deep-Learning-Model-From-Satellite-Images-\FloodDataset\test\notdamage\74.2572_17.683.jpg,test,notdamage,74.2572_17.683,74.2572,17.683
D:\codes\Flood-Detection-Using-Deep-Learning-Model-From-Satellite-Images-\FloodDataset\test\notdamage\70.8222_24.6549.jpg,test,notdamage,70.8222_24.6549,70.8222,24.6549
D:\codes\Flood-Detection-Using-Deep-Learning-Model-From-Satellite-Images-\FloodDataset\test\notdamage\87.847_16.8803.jpg,test,notdamage,87.847_16.8803,87.847,16.8803
D:\codes\Flood-Detection-Using-Deep-Learning-Model-From-Satellite-Images-\FloodDataset\test\notdamage\85.5578_25.6937.jpg,test,notdamage,85.5578_25.6937,85.5578,25.6937
D:\codes\Flood-Detection-Using-Deep-Learning-Model-From-Satellite-Images-\FloodDataset\test\notdamage\88.3454_19.0994.jpg,test,notdamage,88.3454_19.0994,88.3454,19.0994
D:\codes\Flood-Detection-Using-Deep-Learning-Model-From-Satellite-Images-\FloodDataset\test\notdamage\86.3988_12.262.jpg,test,notdamage,86.3988_12.262,86.3988,12.262
D:\codes\Flood-Detection-Using-Deep-Learning-Model-From-Satellite-Images-\FloodDataset\test\notdamage\74.466_13.9553.jpg,test,notdamage,74.466_13.9553,74.466,13.9553
D:\codes\Flood-Detection-Using-Deep-Learning-Model-From-Satellite-Images-\FloodDataset\test\notdamage\81.8122_30.2489.jpg,test,notdamage,81.8122_30.2489,81.8122,30.2489
D:\codes\Flood-Detection-Using-Deep-Learning-Model-From-Satellite-Images-\FloodDataset\test\notdamage\86.3074_16.0987.jpg,test,notdamage,86.3074_16.0987,86.3074,16.0987
D:\codes\Flood-Detection-Using-Deep-Learning-Model-From-Satellite-Images-\FloodDataset\test\notdamage\72.7801_31.2296.jpg,test,notdamage,72.7801_31.2296,72.7801,31.2296
D:\codes\Flood-Detection-Using-Deep-Learning-Model-From-Satellite-Images-\FloodDataset\test\notdamage\83.2287_28.2908.jpg,test,notdamage,83.2287_28.2908,83.2287,28.2908
D:\codes\Flood-Detection-Using-Deep-Learning-Model-From-Satellite-Images-\FloodDataset\test\notdamage\77.5676_14.5855.jpg,test,notdamage,77.5676_14.5855,77.5676,14.5855
D:\codes\Flood-Detection-Using-Deep-Learning-Model-From-Satellite-Images-\FloodDataset\test\notdamage\84.0667_21.2541.jpg,test,notdamage,84.0667_21.2541,84.0667,21.2541
D:\codes\Flood-Detection-Using-Deep-Learning-Model-From-Satellite-Images-\FloodDataset\test\notdamage\95.4694_23.7353.jpg,test,notdamage,95.4694_23.7353,95.4694,23.7353
D:\codes\Flood-Detection-Using-Deep-Learning-Model-From-Satellite-Images-\FloodDataset\test\notdamage\75.9252_33.4384.jpg,test,notdamage,75.9252_33.4384,75.9252,33.4384
D:\codes\Flood-Detection-Using-Deep-Learning-Model-From-Satellite-Images-\FloodDataset\test\notdamage\81.7053_16.8666.jpg,test,notdamage,81.7053_16.8666,81.7053,16.8666
D:\codes\Flood-Detection-Using-Deep-Learning-Model-From-Satellite-Images-\FloodDataset\test\notdamage\94.7492_10.7089.jpg,test,notdamage,94.7492_10.7089,94.7492,10.7089
D:\codes\Flood-Detection-Using-Deep-Learning-Model-From-Satellite-Images-\FloodDataset\test\notdamage\83.9582_17.5141.jpg,test,notdamage,83.9582_17.5141,83.9582,17.5141
D:\codes\Flood-Detection-Using-Deep-Learning-Model-From-Satellite-Images-\FloodDataset\test\notdamage\86.4304_18.3381.jpg,test,notdamage,86.4304_18.3381,86.4304,18.3381
D:\codes\Flood-Detection-Using-Deep-Learning-Model-From-Satellite-Images-\FloodDataset\test\notdamage\73.5042_33.382.jpg,test,notdamage,73.5042_33.382,73.5042,33.382
D:\codes\Flood-Detection-Using-Deep-Learning-Model-From-Satellite-Images-\FloodDataset\test\notdamage\75.2557_9.1958.jpg,test,notdamage,75.2557_9.1958,75.2557,9.1958
D:\codes\Flood-Detection-Using-Deep-Learning-Model-From-Satellite-Images-\FloodDataset\test\notdamage\77.234_14.3266.jpg,test,notdamage,77.234_14.3266,77.234,14.3266
D:\codes\Flood-Detection-Using-Deep-Learning-Model-From-Satellite-Images-\FloodDataset\test\notdamage\68.6164_26.0375.jpg,test,notdamage,68.6164_26.0375,68.6164,26.0375
D:\codes\Flood-Detection-Using-Deep-Learning-Model-From-Satellite-Images-\FloodDataset\test\notdamage\77.877_9.03.jpg,test,notdamage,77.877_9.03,77.877,9.03
D:\codes\Flood-Detection-Using-Deep-Learning-Model-From-Satellite-Images-\FloodDataset\test\notdamage\81.6894_19.2593.jpg,test,notdamage,81.6894_19.2593,81.6894,19.2593
D:\codes\Flood-Detection-Using-Deep-Learning-Model-From-Satellite-Images-\FloodDataset\test\notdamage\87.3487_20.7467.jpg,test,notdamage,87.3487_20.7467,87.3487,20.7467
D:\codes\Flood-Detection-Using-Deep-Learning-Model-From-Satellite-Images-\FloodDataset\test\notdamage\72.7108_28.8884.jpg,test,notdamage,72.7108_28.8884,72.7108,28.8884
D:\codes\Flood-Detection-Using-Deep-Learning-Model-From-Satellite-Images-\FloodDataset\test\notdamage\87.452_8.7513.jpg,test,notdamage,87.452_8.7513,87.452,8.7513
D:\codes\Flood-Detection-Using-Deep-Learning-Model-From-Satellite-Images-\FloodDataset\test\notdamage\84.0285_11.7851.jpg,test,notdamage,84.0285_11.7851,84.0285,11.7851
D:\codes\Flood-Detection-Using-Deep-Learning-Model-From-Satellite-Images-\FloodDataset\test\notdamage\94.3445_17.1792.jpg,test,notdamage,94.3445_17.1792,94.3445,17.1792
D:\codes\Flood-Detection-Using-Deep-Learning-Model-From-Satellite-Images-\FloodDataset\test\notdamage\90.0127_31.0248.jpg,test,notdamage,90.0127_31.0248,90.0127,31.0248
D:\codes\Flood-Detection-Using-Deep-Learning-Model-From-Satellite-Images-\FloodDataset\test\notdamage\70.1963_20.7143.jpg,test,notdamage,70.1963_20.7143,70.1963,20.7143
D:\codes\Flood-Detection-Using-Deep-Learning-Model-From-Satellite-Images-\FloodDataset\test\notdamage\87.4872_12.1606.jpg,test,notdamage,87.4872_12.1606,87.4872,12.1606
D:\codes\Flood-Detection-Using-Deep-Learning-Model-From-Satellite-Images-\FloodDataset\test\notdamage\83.5143_17.9566.jpg,test,notdamage,83.5143_17.9566,83.5143,17.9566
D:\codes\Flood-Detection-Using-Deep-Learning-Model-From-Satellite-Images-\FloodDataset\test\notdamage\69.4371_25.8451.jpg,test,notdamage,69.4371_25.8451,69.4371,25.8451
D:\codes\Flood-Detection-Using-Deep-Learning-Model-From-Satellite-Images-\FloodDataset\test\notdamage\93.3884_9.1797.jpg,test,notdamage,93.3884_9.1797,93.3884,9.1797
D:\codes\Flood-Detection-Using-Deep-Learning-Model-From-Satellite-Images-\FloodDataset\test\notdamage\81.4042_35.3062.jpg,test,notdamage,81.4042_35.3062,81.4042,35.3062
D:\codes\Flood-Detection-Using-Deep-Learning-Model-From-Satellite-Images-\FloodDataset\test\notdamage\74.0904_35.5384.jpg,test,notdamage,74.0904_35.5384,74.0904,35.5384
D:\codes\Flood-Detection-Using-Deep-Learning-Model-From-Satellite-Images-\FloodDataset\test\notdamage\70.8993_18.6989.jpg,test,notdamage,70.8993_18.6989,70.8993,18.6989
D:\codes\Flood-Detection-Using-Deep-Learning-Model-From-Satellite-Images-\FloodDataset\test\notdamage\71.2968_22.4884.jpg,test,notdamage,71.2968_22.4884,71.2968,22.4884
D:\codes\Flood-Detection-Using-Deep-Learning-Model-From-Satellite-Images-\FloodDataset\test\notdamage\87.2092_24.9231.jpg,test,notdamage,87.2092_24.9231,87.2092,24.9231
D:\codes\Flood-Detection-Using-Deep-Learning-Model-From-Satellite-Images-\FloodDataset\test\notdamage\96.6388_20.1707.jpg,test,notdamage,96.6388_20.1707,96.6388,20.1707
D:\codes\Flood-Detection-Using-Deep-Learning-Model-From-Satellite-Images-\FloodDataset\test\notdamage\94.5152_18.6477.jpg,test,notdamage,94.5152_18.6477,94.5152,18.6477
D:\codes\Flood-Detection-Using-Deep-Learning-Model-From-Satellite-Images-\FloodDataset\test\notdamage\95.4928_27.3575.jpg,test,notdamage,95.4928_27.3575,95.4928,27.3575
D:\codes\Flood-Detection-Using-Deep-Learning-Model-From-Satellite-Images-\FloodDataset\test\notdamage\83.2302_17.9354.jpg,test,notdamage,83.2302_17.9354,83.2302,17.9354
D:\codes\Flood-Detection-Using-Deep-Learning-Model-From-Satellite-Images-\FloodDataset\test\notdamage\89.9353_15.0228.jpg,test,notdamage,89.9353_15.0228,89.9353,15.0228
D:\codes\Flood-Detection-Using-Deep-Learning-Model-From-Satellite-Images-\FloodDataset\test\notdamage\93.6366_28.7754.jpg,test,notdamage,93.6366_28.7754,93.6366,28.7754
D:\codes\Flood-Detection-Using-Deep-Learning-Model-From-Satellite-Images-\FloodDataset\test\notdamage\82.0739_22.8539.jpg,test,notdamage,82.0739_22.8539,82.0739,22.8539
D:\codes\Flood-Detection-Using-Deep-Learning-Model-From-Satellite-Images-\FloodDataset\test\notdamage\92.7314_29.6435.jpg,test,notdamage,92.7314_29.6435,92.7314,29.6435
D:\codes\Flood-Detection-Using-Deep-Learning-Model-From-Satellite-Images-\FloodDataset\test\notdamage\82.1881_29.8115.jpg,test,notdamage,82.1881_29.8115,82.1881,29.8115
D:\codes\Flood-Detection-Using-Deep-Learning-Model-From-Satellite-Images-\FloodDataset\test\notdamage\96.5008_17.1979.jpg,test,notdamage,96.5008_17.1979,96.5008,17.1979
D:\codes\Flood-Detection-Using-Deep-Learning-Model-From-Satellite-Images-\FloodDataset\test\notdamage\83.8821_22.8682.jpg,test,notdamage,83.8821_22.8682,83.8821,22.8682
D:\codes\Flood-Detection-Using-Deep-Learning-Model-From-Satellite-Images-\FloodDataset\test\notdamage\75.2897_18.9991.jpg,test,notdamage,75.2897_18.9991,75.2897,18.9991
D:\codes\Flood-Detection-Using-Deep-Learning-Model-From-Satellite-Images-\FloodDataset\test\notdamage\70.0451_13.4697.jpg,test,notdamage,70.0451_13.4697,70.0451,13.4697
D:\codes\Flood-Detection-Using-Deep-Learning-Model-From-Satellite-Images-\FloodDataset\test\notdamage\79.3899_33.8888.jpg,test,notdamage,79.3899_33.8888,79.3899,33.8888
D:\codes\Flood-Detection-Using-Deep-Learning-Model-From-Satellite-Images-\FloodDataset\test_another\damage\91.6531_32.6148.jpg,test_another,damage,91.6531_32.6148,91.6531,32.6148
D:\codes\Flood-Detection-Using-Deep-Learning-Model-From-Satellite-Images-\FloodDataset\test_another\damage\72.121_9.4702.jpg,test_another,damage,72.121_9.4702,72.121,9.4702
D:\codes\Flood-Detection-Using-Deep-Learning-Model-From-Satellite-Images-\FloodDataset\test_another\damage\79.2315_23.7598.jpg,test_another,damage,79.2315_23.7598,79.2315,23.7598
D:\codes\Flood-Detection-Using-Deep-Learning-Model-From-Satellite-Images-\FloodDataset\test_another\damage\75.7598_11.9738.jpg,test_another,damage,75.7598_11.9738,75.7598,11.9738
D:\codes\Flood-Detection-Using-Deep-Learning-Model-From-Satellite-Images-\FloodDataset\test_another\damage\91.0427_20.5889.jpg,test_another,damage,91.0427_20.5889,91.0427,20.5889
D:\codes\Flood-Detection-Using-Deep-Learning-Model-From-Satellite-Images-\FloodDataset\test_another\damage\74.3683_20.1813.jpg,test_another,damage,74.3683_20.1813,74.3683,20.1813
D:\codes\Flood-Detection-Using-Deep-Learning-Model-From-Satellite-Images-\FloodDataset\test_another\damage\74.8417_26.0643.jpg,test_another,damage,74.8417_26.0643,74.8417,26.0643
D:\codes\Flood-Detection-Using-Deep-Learning-Model-From-Satellite-Images-\FloodDataset\test_another\damage\73.3375_20.4512.jpg,test_another,damage,73.3375_20.4512,73.3375,20.4512
D:\codes\Flood-Detection-Using-Deep-Learning-Model-From-Satellite-Images-\FloodDataset\test_another\damage\89.8692_9.5308.jpg,test_another,damage,89.8692_9.5308,89.8692,9.5308
D:\codes\Flood-Detection-Using-Deep-Learning-Model-From-Satellite-Images-\FloodDataset\test_another\damage\76.1506_12.4107.jpg,test_another,damage,76.1506_12.4107,76.1506,12.4107
D:\codes\Flood-Detection-Using-Deep-Learning-Model-From-Satellite-Images-\FloodDataset\test_another\damage\74.0526_26.3269.jpg,test_another,damage,74.0526_26.3269,74.0526,26.3269
D:\codes\Flood-Detection-Using-Deep-Learning-Model-From-Satellite-Images-\FloodDataset\test_another\damage\92.2024_26.0577.jpg,test_another,damage,92.2024_26.0577,92.2024,26.0577
D:\codes\Flood-Detection-Using-Deep-Learning-Model-From-Satellite-Images-\FloodDataset\test_another\damage\88.1725_27.807.jpg,test_another,damage,88.1725_27.807,88.1725,27.807
D:\codes\Flood-Detection-Using-Deep-Learning-Model-From-Satellite-Images-\FloodDataset\test_another\damage\82.9635_32.5889.jpg,test_another,damage,82.9635_32.5889,82.9635,32.5889
D:\codes\Flood-Detection-Using-Deep-Learning-Model-From-Satellite-Images-\FloodDataset\test_another\damage\79.7836_36.0221.jpg,test_another,damage,79.7836_36.0221,79.7836,36.0221
D:\codes\Flood-Detection-Using-Deep-Learning-Model-From-Satellite-Images-\FloodDataset\test_another\damage\69.6633_34.2129.jpg,test_another,damage,69.6633_34.2129,69.6633,34.2129
D:\codes\Flood-Detection-Using-Deep-Learning-Model-From-Satellite-Images-\FloodDataset\test_another\damage\70.859_20.09.jpg,test_another,damage,70.859_20.09,70.859,20.09
D:\codes\Flood-Detection-Using-Deep-Learning-Model-From-Satellite-Images-\FloodDataset\test_another\damage\84.2189_20.8451.jpg,test_another,damage,84.2189_20.8451,84.2189,20.8451
D:\codes\Flood-Detection-Using-Deep-Learning-Model-From-Satellite-Images-\FloodDataset\test_another\damage\87.0406_13.0578.jpg,test_another,damage,87.0406_13.0578,87.0406,13.0578
D:\codes\Flood-Detection-Using-Deep-Learning-Model-From-Satellite-Images-\FloodDataset\test_another\damage\92.8471_27.9127.jpg,test_another,damage,92.8471_27.9127,92.8471,27.9127
D:\codes\Flood-Detection-Using-Deep-Learning-Model-From-Satellite-Images-\FloodDataset\test_another\damage\96.0695_12.5671.jpg,test_another,damage,96.0695_12.5671,96.0695,12.5671
D:\codes\Flood-Detection-Using-Deep-Learning-Model-From-Satellite-Images-\FloodDataset\test_another\damage\84.9648_26.8102.jpg,test_another,damage,84.9648_26.8102,84.9648,26.8102
D:\codes\Flood-Detection-Using-Deep-Learning-Model-From-Satellite-Images-\FloodDataset\test_another\damage\72.7276_9.5456.jpg,test_another,damage,72.7276_9.5456,72.7276,9.5456
D:\codes\Flood-Detection-Using-Deep-Learning-Model-From-Satellite-Images-\FloodDataset\test_another\damage\89.9466_18.5251.jpg,test_another,damage,89.9466_18.5251,89.9466,18.5251
D:\codes\Flood-Detection-Using-Deep-Learning-Model-From-Satellite-Images-\FloodDataset\test_another\damage\79.3909_35.5577.jpg,test_another,damage,79.3909_35.5577,79.3909,35.5577
D:\codes\Flood-Detection-Using-Deep-Learning-Model-From-Satellite-Images-\FloodDataset\test_another\damage\84.2061_13.4568.jpg,test_another,damage,84.2061_13.4568,84.2061,13.4568
D:\codes\Flood-Detection-Using-Deep-Learning-Model-From-Satellite-Images-\FloodDataset\test_another\damage\75.4481_27.8444.jpg,test_another,damage,75.4481_27.8444,75.4481,27.8444
D:\codes\Flood-Detection-Using-Deep-Learning-Model-From-Satellite-Images-\FloodDataset\test_another\damage\89.6688_31.9214.jpg,test_another,damage,89.6688_31.9214,89.6688,31.9214
D:\codes\Flood-Detection-Using-Deep-Learning-Model-From-Satellite-Images-\FloodDataset\test_another\damage\83.0237_14.5245.jpg,test_another,damage,83.0237_14.5245,83.0237,14.5245
D:\codes\Flood-Detection-Using-Deep-Learning-Model-From-Satellite-Images-\FloodDataset\test_another\damage\89.622_19.2126.jpg,test_another,damage,89.622_19.2126,89.622,19.2126
D:\codes\Flood-Detection-Using-Deep-Learning-Model-From-Satellite-Images-\FloodDataset\test_another\damage\69.5502_11.941.jpg,test_another,damage,69.5502_11.941,69.5502,11.941
D:\codes\Flood-Detection-Using-Deep-Learning-Model-From-Satellite-Images-\FloodDataset\test_another\damage\77.5734_35.7593.jpg,test_another,damage,77.5734_35.7593,77.5734,35.7593
D:\codes\Flood-Detection-Using-Deep-Learning-Model-From-Satellite-Images-\FloodDataset\test_another\damage\88.3615_27.1707.jpg,test_another,damage,88.3615_27.1707,88.3615,27.1707
D:\codes\Flood-Detection-Using-Deep-Learning-Model-From-Satellite-Images-\FloodDataset\test_another\damage\95.2932_12.9808.jpg,test_another,damage,95.2932_12.9808,95.2932,12.9808
D:\codes\Flood-Detection-Using-Deep-Learning-Model-From-Satellite-Images-\FloodDataset\test_another\damage\84.4661_11.8916.jpg,test_another,damage,84.4661_11.8916,84.4661,11.8916
D:\codes\Flood-Detection-Using-Deep-Learning-Model-From-Satellite-Images-\FloodDataset\test_another\damage\88.2178_32.7474.jpg,test_another,damage,88.2178_32.7474,88.2178,32.7474
D:\codes\Flood-Detection-Using-Deep-Learning-Model-From-Satellite-Images-\FloodDataset\test_another\damage\84.1317_18.9632.jpg,test_another,damage,84.1317_18.9632,84.1317,18.9632
D:\codes\Flood-Detection-Using-Deep-Learning-Model-From-Satellite-Images-\FloodDataset\test_another\damage\86.7569_28.2654.jpg,test_another,damage,86.7569_28.2654,86.7569,28.2654
D:\codes\Flood-Detection-Using-Deep-Learning-Model-From-Satellite-Images-\FloodDataset\test_another\damage\72.776_15.3039.jpg,test_another,damage,72.776_15.3039,72.776,15.3039
D:\codes\Flood-Detection-Using-Deep-Learning-Model-From-Satellite-Images-\FloodDataset\test_another\damage\92.9278_12.1287.jpg,test_another,damage,92.9278_12.1287,92.9278,12.1287
D:\codes\Flood-Detection-Using-Deep-Learning-Model-From-Satellite-Images-\FloodDataset\test_another\damage\91.6492_36.6842.jpg,test_another,damage,91.6492_36.6842,91.6492,36.6842
D:\codes\Flood-Detection-Using-Deep-Learning-Model-From-Satellite-Images-\FloodDataset\test_another\damage\90.2864_21.6125.jpg,test_another,damage,90.2864_21.6125,90.2864,21.6125
D:\codes\Flood-Detection-Using-Deep-Learning-Model-From-Satellite-Images-\FloodDataset\test_another\damage\83.9773_28.1077.jpg,test_another,damage,83.9773_28.1077,83.9773,28.1077
D:\codes\Flood-Detection-Using-Deep-Learning-Model-From-Satellite-Images-\FloodDataset\test_another\damage\83.4878_22.4774.jpg,test_another,damage,83.4878_22.4774,83.4878,22.4774
D:\codes\Flood-Detection-Using-Deep-Learning-Model-From-Satellite-Images-\FloodDataset\test_another\no_damage\70.0912_33.0391.jpg,test_another,no_damage,70.0912_33.0391,70.0912,33.0391
D:\codes\Flood-Detection-Using-Deep-Learning-Model-From-Satellite-Images-\FloodDataset\test_another\no_damage\76.2003_26.2377.jpg,test_another,no_damage,76.2003_26.2377,76.2003,26.2377
D:\codes\Flood-Detection-Using-Deep-Learning-Model-From-Satellite-Images-\FloodDataset\test_another\no_damage\87.8445_21.8231.jpg,test_another,no_damage,87.8445_21.8231,87.8445,21.8231
D:\codes\Flood-Detection-Using-Deep-Learning-Model-From-Satellite-Images-\FloodDataset\test_another\no_damage\76.8596_9.9384.jpg,test_another,no_damage,76.8596_9.9384,76.8596,9.9384
D:\codes\Flood-Detection-Using-Deep-Learning-Model-From-Satellite-Images-\FloodDataset\test_another\no_damage\78.3145_15.1407.jpg,test_another,no_damage,78.3145_15.1407,78.3145,15.1407
D:\codes\Flood-Detection-Using-Deep-Learning-Model-From-Satellite-Images-\FloodDataset\test_another\no_damage\88.9164_33.0956.jpg,test_another,no_damage,88.9164_33.0956,88.9164,33.0956
D:\codes\Flood-Detection-Using-Deep-Learning-Model-From-Satellite-Images-\FloodDataset\test_another\no_damage\90.4308_30.4145.jpg,test_another,no_damage,90.4308_30.4145,90.4308,30.4145
D:\codes\Flood-Detection-Using-Deep-Learning-Model-From-Satellite-Images-\FloodDataset\test_another\no_damage\94.8428_25.1672.jpg,test_another,no_damage,94.8428_25.1672,94.8428,25.1672
D:\codes\Flood-Detection-Using-Deep-Learning-Model-From-Satellite-Images-\FloodDataset\test_another\no_damage\89.6181_15.4215.jpg,test_another,no_damage,89.6181_15.4215,89.6181,15.4215
D:\codes\Flood-Detection-Using-Deep-Learning-Model-From-Satellite-Images-\FloodDataset\test_another\no_damage\95.4511_21.9857.jpg,test_another,no_damage,95.4511_21.9857,95.4511,21.9857
D:\codes\Flood-Detection-Using-Deep-Learning-Model-From-Satellite-Images-\FloodDataset\test_another\no_damage\90.208_33.8675.jpg,test_another,no_damage,90.208_33.8675,90.208,33.8675
D:\codes\Flood-Detection-Using-Deep-Learning-Model-From-Satellite-Images-\FloodDataset\test_another\no_damage\79.2687_31.3336.jpg,test_another,no_damage,79.2687_31.3336,79.2687,31.3336
D:\codes\Flood-Detection-Using-Deep-Learning-Model-From-Satellite-Images-\FloodDataset\test_another\no_damage\70.513_27.3388.jpg,test_another,no_damage,70.513_27.3388,70.513,27.3388
D:\codes\Flood-Detection-Using-Deep-Learning-Model-From-Satellite-Images-\FloodDataset\test_another\no_damage\69.2971_21.6614.jpg,test_another,no_damage,69.2971_21.6614,69.2971,21.6614
D:\codes\Flood-Detection-Using-Deep-Learning-Model-From-Satellite-Images-\FloodDataset\test_another\no_damage\86.5603_14.0225.jpg,test_another,no_damage,86.5603_14.0225,86.5603,14.0225
D:\codes\Flood-Detection-Using-Deep-Learning-Model-From-Satellite-Images-\FloodDataset\test_another\no_damage\83.3008_28.8366.jpg,test_another,no_damage,83.3008_28.8366,83.3008,28.8366
D:\codes\Flood-Detection-Using-Deep-Learning-Model-From-Satellite-Images-\FloodDataset\test_another\no_damage\89.6705_27.9176.jpg,test_another,no_damage,89.6705_27.9176,89.6705,27.9176
D:\codes\Flood-Detection-Using-Deep-Learning-Model-From-Satellite-Images-\FloodDataset\test_another\no_damage\91.454_34.5903.jpg,test_another,no_damage,91.454_34.5903,91.454,34.5903
D:\codes\Flood-Detection-Using-Deep-Learning-Model-From-Satellite-Images-\FloodDataset\test_another\no_damage\74.9706_18.4152.jpg,test_another,no_damage,74.9706_18.4152,74.9706,18.4152
D:\codes\Flood-Detection-Using-Deep-Learning-Model-From-Satellite-Images-\FloodDataset\test_another\no_damage\74.5813_31.5472.jpg,test_another,no_damage,74.5813_31.5472,74.5813,31.5472
D:\codes\Flood-Detection-Using-Deep-Learning-Model-From-Satellite-Images-\FloodDataset\test_another\no_damage\93.6522_13.5304.jpg,test_another,no_damage,93.6522_13.5304,93.6522,13.5304
D:\codes\Flood-Detection-Using-Deep-Learning-Model-From-Satellite-Images-\FloodDataset\test_another\no_damage\88.8742_25.1172.jpg,test_another,no_damage,88.8742_25.1172,88.8742,25.1172
D:\codes\Flood-Detection-Using-Deep-Learning-Model-From-Satellite-Images-\FloodDataset\test_another\no_damage\92.5712_20.8107.jpg,test_another,no_damage,92.5712_20.8107,92.5712,20.8107
D:\codes\Flood-Detection-Using-Deep-Learning-Model-From-Satellite-Images-\FloodDataset\test_another\no_damage\89.1977_28.4956.jpg,test_another,no_damage,89.1977_28.4956,89.1977,28.4956
D:\codes\Flood-Detection-Using-Deep-Learning-Model-From-Satellite-Images-\FloodDataset\test_another\no_damage\90.1146_28.4665.jpg,test_another,no_damage,90.1146_28.4665,90.1146,28.4665
D:\codes\Flood-Detection-Using-Deep-Learning-Model-From-Satellite-Images-\FloodDataset\test_another\no_damage\93.4014_22.7778.jpg,test_another,no_damage,93.4014_22.7778,93.4014,22.7778
D:\codes\Flood-Detection-Using-Deep-Learning-Model-From-Satellite-Images-\FloodDataset\test_another\no_damage\95.7765_24.2731.jpg,test_another,no_damage,95.7765_24.2731,95.7765,24.2731
D:\codes\Flood-Detection-Using-Deep-Learning-Model-From-Satellite-Images-\FloodDataset\test_another\no_damage\85.3575_34.6338.jpg,test_another,no_damage,85.3575_34.6338,85.3575,34.6338
D:\codes\Flood-Detection-Using-Deep-Learning-Model-From-Satellite-Images-\FloodDataset\test_another\no_damage\85.0473_10.8279.jpg,test_another,no_damage,85.0473_10.8279,85.0473,10.8279
D:\codes\Flood-Detection-Using-Deep-Learning-Model-From-Satellite-Images-\FloodDataset\test_another\no_damage\73.1285_21.053.jpg,test_another,no_damage,73.1285_21.053,73.1285,21.053
D:\codes\Flood-Detection-Using-Deep-Learning-Model-From-Satellite-Images-\FloodDataset\test_another\no_damage\85.3965_33.7655.jpg,test_another,no_damage,85.3965_33.7655,85.3965,33.7655
D:\codes\Flood-Detection-Using-Deep-Learning-Model-From-Satellite-Images-\FloodDataset\test_another\no_damage\69.8489_31.5978.jpg,test_another,no_damage,69.8489_31.5978,69.8489,31.5978
D:\codes\Flood-Detection-Using-Deep-Learning-Model-From-Satellite-Images-\FloodDataset\test_another\no_damage\76.1431_13.5988.jpg,test_another,no_damage,76.1431_13.5988,76.1431,13.5988
D:\codes\Flood-Detection-Using-Deep-Learning-Model-From-Satellite-Images-\FloodDataset\test_another\no_damage\81.9677_35.4638.jpg,test_another,no_damage,81.9677_35.4638,81.9677,35.4638
D:\codes\Flood-Detection-Using-Deep-Learning-Model-From-Satellite-Images-\FloodDataset\test_another\no_damage\90.5359_26.5473.jpg,test_another,no_damage,90.5359_26.5473,90.5359,26.5473
D:\codes\Flood-Detection-Using-Deep-Learning-Model-From-Satellite-Images-\FloodDataset\test_another\no_damage\75.1352_12.4.jpg,test_another,no_damage,75.1352_12.4,75.1352,12.4
D:\codes\Flood-Detection-Using-Deep-Learning-Model-From-Satellite-Images-\FloodDataset\test_another\no_damage\78.5265_13.3407.jpg,test_another,no_damage,78.5265_13.3407,78.5265,13.3407
D:\codes\Flood-Detection-Using-Deep-Learning-Model-From-Satellite-Images-\FloodDataset\test_another\no_damage\84.6466_35.323.jpg,test_another,no_damage,84.6466_35.323,84.6466,35.323
D:\codes\Flood-Detection-Using-Deep-Learning-Model-From-Satellite-Images-\FloodDataset\test_another\no_damage\83.2088_8.3241.jpg,test_another,no_damage,83.2088_8.3241,83.2088,8.3241
D:\codes\Flood-Detection-Using-Deep-Learning-Model-From-Satellite-Images-\FloodDataset\test_another\no_damage\79.6237_16.9985.jpg,test_another,no_damage,79.6237_16.9985,79.6237,16.9985
D:\codes\Flood-Detection-Using-Deep-Learning-Model-From-Satellite-Images-\FloodDataset\test_another\no_damage\76.1905_27.2168.jpg,test_another,no_damage,76.1905_27.2168,76.1905,27.2168
D:\codes\Flood-Detection-Using-Deep-Learning-Model-From-Satellite-Images-\FloodDataset\test_another\no_damage\75.0371_34.4595.jpg,test_another,no_damage,75.0371_34.4595,75.0371,34.4595
D:\codes\Flood-Detection-Using-Deep-Learning-Model-From-Satellite-Images-\FloodDataset\test_another\no_damage\74.7615_12.2683.jpg,test_another,no_damage,74.7615_12.2683,74.7615,12.2683
D:\codes\Flood-Detection-Using-Deep-Learning-Model-From-Satellite-Images-\FloodDataset\test_another\no_damage\94.6191_9.2893.jpg,test_another,no_damage,94.6191_9.2893,94.6191,9.2893
D:\codes\Flood-Detection-Using-Deep-Learning-Model-From-Satellite-Images-\FloodDataset\train_another\damage\74.379_21.2555.jpg,train_another,damage,74.379_21.2555,74.379,21.2555
D:\codes\Flood-Detection-Using-Deep-Learning-Model-From-Satellite-Images-\FloodDataset\train_another\damage\81.5808_22.4528.jpg,train_another,damage,81.5808_22.4528,81.5808,22.4528
D:\codes\Flood-Detection-Using-Deep-Learning-Model-From-Satellite-Images-\FloodDataset\train_another\damage\94.3261_8.2947.jpg,train_another,damage,94.3261_8.2947,94.3261,8.2947
D:\codes\Flood-Detection-Using-Deep-Learning-Model-From-Satellite-Images-\FloodDataset\train_another\damage\78.4144_8.808.jpg,train_another,damage,78.4144_8.808,78.4144,8.808
D:\codes\Flood-Detection-Using-Deep-Learning-Model-From-Satellite-Images-\FloodDataset\train_another\damage\91.0297_20.8754.jpg,train_another,damage,91.0297_20.8754,91.0297,20.8754
D:\codes\Flood-Detection-Using-Deep-Learning-Model-From-Satellite-Images-\FloodDataset\train_another\damage\71.2486_17.2947.jpg,train_another,damage,71.2486_17.2947,71.2486,17.2947
D:\codes\Flood-Detection-Using-Deep-Learning-Model-From-Satellite-Images-\FloodDataset\train_another\damage\74.9025_8.5263.jpg,train_another,damage,74.9025_8.5263,74.9025,8.5263
D:\codes\Flood-Detection-Using-Deep-Learning-Model-From-Satellite-Images-\FloodDataset\train_another\damage\86.2563_24.2653.jpg,train_another,damage,86.2563_24.2653,86.2563,24.2653
D:\codes\Flood-Detection-Using-Deep-Learning-Model-From-Satellite-Images-\FloodDataset\train_another\damage\79.2044_15.6425.jpg,train_another,damage,79.2044_15.6425,79.2044,15.6425
D:\codes\Flood-Detection-Using-Deep-Learning-Model-From-Satellite-Images-\FloodDataset\train_another\damage\72.3898_19.3881.jpg,train_another,damage,72.3898_19.3881,72.3898,19.3881
D:\codes\Flood-Detection-Using-Deep-Learning-Model-From-Satellite-Images-\FloodDataset\train_another\damage\89.0322_27.3879.jpg,train_another,damage,89.0322_27.3879,89.0322,27.3879
D:\codes\Flood-Detection-Using-Deep-Learning-Model-From-Satellite-Images-\FloodDataset\train_another\damage\80.6012_9.2381.jpg,train_another,damage,80.6012_9.2381,80.6012,9.2381
D:\codes\Flood-Detection-Using-Deep-Learning-Model-From-Satellite-Images-\FloodDataset\train_another\damage\80.6249_23.191.jpg,train_another,damage,80.6249_23.191,80.6249,23.191
D:\codes\Flood-Detection-Using-Deep-Learning-Model-From-Satellite-Images-\FloodDataset\train_another\damage\75.0962_30.4126.jpg,train_another,damage,75.0962_30.4126,75.0962,30.4126
D:\codes\Flood-Detection-Using-Deep-Learning-Model-From-Satellite-Images-\FloodDataset\train_another\damage\74.0012_31.0477.jpg,train_another,damage,74.0012_31.0477,74.0012,31.0477
D:\codes\Flood-Detection-Using-Deep-Learning-Model-From-Satellite-Images-\FloodDataset\train_another\damage\82.7282_16.8821.jpg,train_another,damage,82.7282_16.8821,82.7282,16.8821
D:\codes\Flood-Detection-Using-Deep-Learning-Model-From-Satellite-Images-\FloodDataset\train_another\damage\70.454_30.1293.jpg,train_another,damage,70.454_30.1293,70.454,30.1293
D:\codes\Flood-Detection-Using-Deep-Learning-Model-From-Satellite-Images-\FloodDataset\train_another\damage\68.2178_21.0074.jpg,train_another,damage,68.2178_21.0074,68.2178,21.0074
D:\codes\Flood-Detection-Using-Deep-Learning-Model-From-Satellite-Images-\FloodDataset\train_another\damage\71.6819_30.462.jpg,train_another,damage,71.6819_30.462,71.6819,30.462
D:\codes\Flood-Detection-Using-Deep-Learning-Model-From-Satellite-Images-\FloodDataset\train_another\damage\74.3422_30.4345.jpg,train_another,damage,74.3422_30.4345,74.3422,30.4345
D:\codes\Flood-Detection-Using-Deep-Learning-Model-From-Satellite-Images-\FloodDataset\train_another\damage\89.8414_19.4958.jpg,train_another,damage,89.8414_19.4958,89.8414,19.4958
D:\codes\Flood-Detection-Using-Deep-Learning-Model-From-Satellite-Images-\FloodDataset\train_another\damage\86.7458_25.5784.jpg,train_another,damage,86.7458_25.5784,86.7458,25.5784
D:\codes\Flood-Detection-Using-Deep-Learning-Model-From-Satellite-Images-\FloodDataset\train_another\damage\93.776_17.946.jpg,train_another,damage,93.776_17.946,93.776,17.946
D:\codes\Flood-Detection-Using-Deep-Learning-Model-From-Satellite-Images-\FloodDataset\train_another\damage\79.8319_29.1479.jpg,train_another,damage,79.8319_29.1479,79.8319,29.1479
D:\codes\Flood-Detection-Using-Deep-Learning-Model-From-Satellite-Images-\FloodDataset\train_another\damage\85.1077_23.5899.jpg,train_another,damage,85.1077_23.5899,85.1077,23.5899
D:\codes\Flood-Detection-Using-Deep-Learning-Model-From-Satellite-Images-\FloodDataset\train_another\damage\94.0159_18.1127.jpg,train_another,damage,94.0159_18.1127,94.0159,18.1127
D:\codes\Flood-Detection-Using-Deep-Learning-Model-From-Satellite-Images-\FloodDataset\train_another\damage\75.17_25.7416.jpg,train_another,damage,75.17_25.7416,75.17,25.7416
D:\codes\Flood-Detection-Using-Deep-Learning-Model-From-Satellite-Images-\FloodDataset\train_another\damage\71.7954_27.22.jpg,train_another,damage,71.7954_27.22,71.7954,27.22
D:\codes\Flood-Detection-Using-Deep-Learning-Model-From-Satellite-Images-\FloodDataset\train_another\damage\86.0139_11.0159.jpg,train_another,damage,86.0139_11.0159,86.0139,11.0159
D:\codes\Flood-Detection-Using-Deep-Learning-Model-From-Satellite-Images-\FloodDataset\train_another\damage\81.6767_20.318.jpg,train_another,damage,81.6767_20.318,81.6767,20.318
D:\codes\Flood-Detection-Using-Deep-Learning-Model-From-Satellite-Images-\FloodDataset\train_another\damage\70.3875_31.1469.jpg,train_another,damage,70.3875_31.1469,70.3875,31.1469
D:\codes\Flood-Detection-Using-Deep-Learning-Model-From-Satellite-Images-\FloodDataset\train_another\damage\78.4571_33.3609.jpg,train_another,damage,78.4571_33.3609,78.4571,33.3609
D:\codes\Flood-Detection-Using-Deep-Learning-Model-From-Satellite-Images-\FloodDataset\train_another\damage\75.432_23.9198.jpg,train_another,damage,75.432_23.9198,75.432,23.9198
D:\codes\Flood-Detection-Using-Deep-Learning-Model-From-Satellite-Images-\FloodDataset\train_another\damage\82.2434_26.4626.jpg,train_another,damage,82.2434_26.4626,82.2434,26.4626
D:\codes\Flood-Detection-Using-Deep-Learning-Model-From-Satellite-Images-\FloodDataset\train_another\damage\92.1934_36.7525.jpg,train_another,damage,92.1934_36.7525,92.1934,36.7525
D:\codes\Flood-Detection-Using-Deep-Learning-Model-From-Satellite-Images-\FloodDataset\train_another\damage\96.0561_30.7468.jpg,train_another,damage,96.0561_30.7468,96.0561,30.7468
D:\codes\Flood-Detection-Using-Deep-Learning-Model-From-Satellite-Images-\FloodDataset\train_another\damage\75.4351_36.9834.jpg,train_another,damage,75.4351_36.9834,75.4351,36.9834
D:\codes\Flood-Detection-Using-Deep-Learning-Model-From-Satellite-Images-\FloodDataset\train_another\damage\68.0132_36.818.jpg,train_another,damage,68.0132_36.818,68.0132,36.818
D:\codes\Flood-Detection-Using-Deep-Learning-Model-From-Satellite-Images-\FloodDataset\train_another\damage\77.8458_10.0303.jpg,train_another,damage,77.8458_10.0303,77.8458,10.0303
D:\codes\Flood-Detection-Using-Deep-Learning-Model-From-Satellite-Images-\FloodDataset\train_another\damage\85.8806_10.0616.jpg,train_another,damage,85.8806_10.0616,85.8806,10.0616
D:\codes\Flood-Detection-Using-Deep-Learning-Model-From-Satellite-Images-\FloodDataset\train_another\damage\84.0197_18.1709.jpg,train_another,damage,84.0197_18.1709,84.0197,18.1709
D:\codes\Flood-Detection-Using-Deep-Learning-Model-From-Satellite-Images-\FloodDataset\train_another\damage\84.236_11.191.jpg,train_another,damage,84.236_11.191,84.236,11.191
D:\codes\Flood-Detection-Using-Deep-Learning-Model-From-Satellite-Images-\FloodDataset\train_another\damage\86.1311_22.465.jpg,train_another,damage,86.1311_22.465,86.1311,22.465
D:\codes\Flood-Detection-Using-Deep-Learning-Model-From-Satellite-Images-\FloodDataset\train_another\damage\69.5566_23.3613.jpg,train_another,damage,69.5566_23.3613,69.5566,23.3613
D:\codes\Flood-Detection-Using-Deep-Learning-Model-From-Satellite-Images-\FloodDataset\train_another\damage\72.7069_27.1217.jpg,train_another,damage,72.7069_27.1217,72.7069,27.1217
D:\codes\Flood-Detection-Using-Deep-Learning-Model-From-Satellite-Images-\FloodDataset\train_another\damage\92.127_29.2295.jpg,train_another,damage,92.127_29.2295,92.127,29.2295
D:\codes\Flood-Detection-Using-Deep-Learning-Model-From-Satellite-Images-\FloodDataset\train_another\damage\92.2002_34.7287.jpg,train_another,damage,92.2002_34.7287,92.2002,34.7287
D:\codes\Flood-Detection-Using-Deep-Learning-Model-From-Satellite-Images-\FloodDataset\train_another\damage\82.9056_28.4578.jpg,train_another,damage,82.9056_28.4578,82.9056,28.4578
D:\codes\Flood-Detection-Using-Deep-Learning-Model-From-Satellite-Images-\FloodDataset\train_another\damage\78.3346_21.3006.jpg,train_another,damage,78.3346_21.3006,78.3346,21.3006
D:\codes\Flood-Detection-Using-Deep-Learning-Model-From-Satellite-Images-\FloodDataset\train_another\damage\87.3234_23.7481.jpg,train_another,damage,87.3234_23.7481,87.3234,23.7481
D:\codes\Flood-Detection-Using-Deep-Learning-Model-From-Satellite-Images-\FloodDataset\train_another\damage\90.2129_9.6197.jpg,train_another,damage,90.2129_9.6197,90.2129,9.6197
D:\codes\Flood-Detection-Using-Deep-Learning-Model-From-Satellite-Images-\FloodDataset\train_another\damage\76.0074_11.6047.jpg,train_another,damage,76.0074_11.6047,76.0074,11.6047
D:\codes\Flood-Detection-Using-Deep-Learning-Model-From-Satellite-Images-\FloodDataset\train_another\damage\70.743_16.2771.jpg,train_another,damage,70.743_16.2771,70.743,16.2771
D:\codes\Flood-Detection-Using-Deep-Learning-Model-From-Satellite-Images-\FloodDataset\train_another\damage\93.1403_21.3465.jpg,train_another,damage,93.1403_21.3465,93.1403,21.3465
D:\codes\Flood-Detection-Using-Deep-Learning-Model-From-Satellite-Images-\FloodDataset\train_another\damage\96.6511_16.5673.jpg,train_another,damage,96.6511_16.5673,96.6511,16.5673
D:\codes\Flood-Detection-Using-Deep-Learning-Model-From-Satellite-Images-\FloodDataset\train_another\damage\74.7343_29.8374.jpg,train_another,damage,74.7343_29.8374,74.7343,29.8374
D:\codes\Flood-Detection-Using-Deep-Learning-Model-From-Satellite-Images-\FloodDataset\train_another\damage\85.0872_10.9327.jpg,train_another,damage,85.0872_10.9327,85.0872,10.9327
D:\codes\Flood-Detection-Using-Deep-Learning-Model-From-Satellite-Images-\FloodDataset\train_another\damage\68.2381_26.7476.jpg,train_another,damage,68.2381_26.7476,68.2381,26.7476
D:\codes\Flood-Detection-Using-Deep-Learning-Model-From-Satellite-Images-\FloodDataset\train_another\damage\79.7568_11.5749.jpg,train_another,damage,79.7568_11.5749,79.7568,11.5749
D:\codes\Flood-Detection-Using-Deep-Learning-Model-From-Satellite-Images-\FloodDataset\train_another\damage\73.6315_25.1187.jpg,train_another,damage,73.6315_25.1187,73.6315,25.1187
D:\codes\Flood-Detection-Using-Deep-Learning-Model-From-Satellite-Images-\FloodDataset\train_another\damage\81.796_14.3568.jpg,train_another,damage,81.796_14.3568,81.796,14.3568
D:\codes\Flood-Detection-Using-Deep-Learning-Model-From-Satellite-Images-\FloodDataset\train_another\damage\69.7736_30.0926.jpg,train_another,damage,69.7736_30.0926,69.7736,30.0926
D:\codes\Flood-Detection-Using-Deep-Learning-Model-From-Satellite-Images-\FloodDataset\train_another\damage\88.8639_15.4536.jpg,train_another,damage,88.8639_15.4536,88.8639,15.4536
D:\codes\Flood-Detection-Using-Deep-Learning-Model-From-Satellite-Images-\FloodDataset\train_another\damage\79.511_36.9059.jpg,train_another,damage,79.511_36.9059,79.511,36.9059
D:\codes\Flood-Detection-Using-Deep-Learning-Model-From-Satellite-Images-\FloodDataset\train_another\damage\94.2573_30.7918.jpg,train_another,damage,94.2573_30.7918,94.2573,30.7918
D:\codes\Flood-Detection-Using-Deep-Learning-Model-From-Satellite-Images-\FloodDataset\train_another\damage\68.818_15.2769.jpg,train_another,damage,68.818_15.2769,68.818,15.2769
D:\codes\Flood-Detection-Using-Deep-Learning-Model-From-Satellite-Images-\FloodDataset\train_another\damage\88.8461_29.6734.jpg,train_another,damage,88.8461_29.6734,88.8461,29.6734
D:\codes\Flood-Detection-Using-Deep-Learning-Model-From-Satellite-Images-\FloodDataset\train_another\damage\71.3503_23.5841.jpg,train_another,damage,71.3503_23.5841,71.3503,23.5841
D:\codes\Flood-Detection-Using-Deep-Learning-Model-From-Satellite-Images-\FloodDataset\train_another\damage\93.7723_36.6148.jpg,train_another,damage,93.7723_36.6148,93.7723,36.6148
D:\codes\Flood-Detection-Using-Deep-Learning-Model-From-Satellite-Images-\FloodDataset\train_another\damage\96.959_17.7986.jpg,train_another,damage,96.959_17.7986,96.959,17.7986
D:\codes\Flood-Detection-Using-Deep-Learning-Model-From-Satellite-Images-\FloodDataset\train_another\damage\89.8347_18.4715.jpg,train_another,damage,89.8347_18.4715,89.8347,18.4715
D:\codes\Flood-Detection-Using-Deep-Learning-Model-From-Satellite-Images-\FloodDataset\train_another\damage\70.9622_15.711.jpg,train_another,damage,70.9622_15.711,70.9622,15.711
D:\codes\Flood-Detection-Using-Deep-Learning-Model-From-Satellite-Images-\FloodDataset\train_another\damage\85.4411_13.5445.jpg,train_another,damage,85.4411_13.5445,85.4411,13.5445
D:\codes\Flood-Detection-Using-Deep-Learning-Model-From-Satellite-Images-\FloodDataset\train_another\damage\95.5155_21.6065.jpg,train_another,damage,95.5155_21.6065,95.5155,21.6065
D:\codes\Flood-Detection-Using-Deep-Learning-Model-From-Satellite-Images-\FloodDataset\train_another\damage\72.4869_34.4746.jpg,train_another,damage,72.4869_34.4746,72.4869,34.4746
D:\codes\Flood-Detection-Using-Deep-Learning-Model-From-Satellite-Images-\FloodDataset\train_another\damage\70.6105_32.4465.jpg,train_another,damage,70.6105_32.4465,70.6105,32.4465
D:\codes\Flood-Detection-Using-Deep-Learning-Model-From-Satellite-Images-\FloodDataset\train_another\damage\76.8004_20.2899.jpg,train_another,damage,76.8004_20.2899,76.8004,20.2899
D:\codes\Flood-Detection-Using-Deep-Learning-Model-From-Satellite-Images-\FloodDataset\train_another\damage\95.6393_27.6708.jpg,train_another,damage,95.6393_27.6708,95.6393,27.6708
D:\codes\Flood-Detection-Using-Deep-Learning-Model-From-Satellite-Images-\FloodDataset\train_another\notdamage\78.8127_8.2195.jpg,train_another,notdamage,78.8127_8.2195,78.8127,8.2195
D:\codes\Flood-Detection-Using-Deep-Learning-Model-From-Satellite-Images-\FloodDataset\train_another\notdamage\94.4498_22.6586.jpg,train_another,notdamage,94.4498_22.6586,94.4498,22.6586
D:\codes\Flood-Detection-Using-Deep-Learning-Model-From-Satellite-Images-\FloodDataset\train_another\notdamage\69.6253_14.932.jpg,train_another,notdamage,69.6253_14.932,69.6253,14.932
D:\codes\Flood-Detection-Using-Deep-Learning-Model-From-Satellite-Images-\FloodDataset\train_another\notdamage\88.8526_16.6133.jpg,train_another,notdamage,88.8526_16.6133,88.8526,16.6133
D:\codes\Flood-Detection-Using-Deep-Learning-Model-From-Satellite-Images-\FloodDataset\train_another\notdamage\77.4489_32.5492.jpg,train_another,notdamage,77.4489_32.5492,77.4489,32.5492
D:\codes\Flood-Detection-Using-Deep-Learning-Model-From-Satellite-Images-\FloodDataset\train_another\notdamage\73.3973_32.2847.jpg,train_another,notdamage,73.3973_32.2847,73.3973,32.2847
D:\codes\Flood-Detection-Using-Deep-Learning-Model-From-Satellite-Images-\FloodDataset\train_another\notdamage\86.2318_18.2485.jpg,train_another,notdamage,86.2318_18.2485,86.2318,18.2485
D:\codes\Flood-Detection-Using-Deep-Learning-Model-From-Satellite-Images-\FloodDataset\train_another\notdamage\78.6929_32.1685.jpg,train_another,notdamage,78.6929_32.1685,78.6929,32.1685
D:\codes\Flood-Detection-Using-Deep-Learning-Model-From-Satellite-Images-\FloodDataset\train_another\notdamage\80.053_14.4421.jpg,train_another,notdamage,80.053_14.4421,80.053,14.4421
D:\codes\Flood-Detection-Using-Deep-Learning-Model-From-Satellite-Images-\FloodDataset\train_another\notdamage\70.2053_17.6577.jpg,train_another,notdamage,70.2053_17.6577,70.2053,17.6577
D:\codes\Flood-Detection-Using-Deep-Learning-Model-From-Satellite-Images-\FloodDataset\train_another\notdamage\93.9739_18.343.jpg,train_another,notdamage,93.9739_18.343,93.9739,18.343
D:\codes\Flood-Detection-Using-Deep-Learning-Model-From-Satellite-Images-\FloodDataset\train_another\notdamage\92.5779_13.5378.jpg,train_another,notdamage,92.5779_13.5378,92.5779,13.5378
D:\codes\Flood-Detection-Using-Deep-Learning-Model-From-Satellite-Images-\FloodDataset\train_another\notdamage\83.4351_25.1995.jpg,train_another,notdamage,83.4351_25.1995,83.4351,25.1995
D:\codes\Flood-Detection-Using-Deep-Learning-Model-From-Satellite-Images-\FloodDataset\train_another\notdamage\91.2835_8.2622.jpg,train_another,notdamage,91.2835_8.2622,91.2835,8.2622
D:\codes\Flood-Detection-Using-Deep-Learning-Model-From-Satellite-Images-\FloodDataset\train_another\notdamage\72.1342_14.8478.jpg,train_another,notdamage,72.1342_14.8478,72.1342,14.8478
D:\codes\Flood-Detection-Using-Deep-Learning-Model-From-Satellite-Images-\FloodDataset\train_another\notdamage\74.5087_16.8784.jpg,train_another,notdamage,74.5087_16.8784,74.5087,16.8784
D:\codes\Flood-Detection-Using-Deep-Learning-Model-From-Satellite-Images-\FloodDataset\train_another\notdamage\92.5704_9.095.jpg,train_another,notdamage,92.5704_9.095,92.5704,9.095
D:\codes\Flood-Detection-Using-Deep-Learning-Model-From-Satellite-Images-\FloodDataset\train_another\notdamage\88.4351_22.0443.jpg,train_another,notdamage,88.4351_22.0443,88.4351,22.0443
D:\codes\Flood-Detection-Using-Deep-Learning-Model-From-Satellite-Images-\FloodDataset\train_another\notdamage\92.7613_33.0479.jpg,train_another,notdamage,92.7613_33.0479,92.7613,33.0479
D:\codes\Flood-Detection-Using-Deep-Learning-Model-From-Satellite-Images-\FloodDataset\train_another\notdamage\88.7916_10.9026.jpg,train_another,notdamage,88.7916_10.9026,88.7916,10.9026
D:\codes\Flood-Detection-Using-Deep-Learning-Model-From-Satellite-Images-\FloodDataset\train_another\notdamage\93.311_17.0282.jpg,train_another,notdamage,93.311_17.0282,93.311,17.0282
D:\codes\Flood-Detection-Using-Deep-Learning-Model-From-Satellite-Images-\FloodDataset\train_another\notdamage\72.4296_16.5282.jpg,train_another,notdamage,72.4296_16.5282,72.4296,16.5282
D:\codes\Flood-Detection-Using-Deep-Learning-Model-From-Satellite-Images-\FloodDataset\train_another\notdamage\91.1368_8.6374.jpg,train_another,notdamage,91.1368_8.6374,91.1368,8.6374
D:\codes\Flood-Detection-Using-Deep-Learning-Model-From-Satellite-Images-\FloodDataset\train_another\notdamage\69.2415_18.0371.jpg,train_another,notdamage,69.2415_18.0371,69.2415,18.0371
D:\codes\Flood-Detection-Using-Deep-Learning-Model-From-Satellite-Images-\FloodDataset\train_another\notdamage\68.8671_25.6153.jpg,train_another,notdamage,68.8671_25.6153,68.8671,25.6153
D:\codes\Flood-Detection-Using-Deep-Learning-Model-From-Satellite-Images-\FloodDataset\train_another\notdamage\74.7049_8.3039.jpg,train_another,notdamage,74.7049_8.3039,74.7049,8.3039
D:\codes\Flood-Detection-Using-Deep-Learning-Model-From-Satellite-Images-\FloodDataset\train_another\notdamage\73.2269_10.7164.jpg,train_another,notdamage,73.2269_10.7164,73.2269,10.7164
D:\codes\Flood-Detection-Using-Deep-Learning-Model-From-Satellite-Images-\FloodDataset\train_another\notdamage\70.467_25.2924.jpg,train_another,notdamage,70.467_25.2924,70.467,25.2924
D:\codes\Flood-Detection-Using-Deep-Learning-Model-From-Satellite-Images-\FloodDataset\train_another\notdamage\87.8002_22.983.jpg,train_another,notdamage,87.8002_22.983,87.8002,22.983
D:\codes\Flood-Detection-Using-Deep-Learning-Model-From-Satellite-Images-\FloodDataset\train_another\notdamage\84.7297_9.524.jpg,train_another,notdamage,84.7297_9.524,84.7297,9.524
D:\codes\Flood-Detection-Using-Deep-Learning-Model-From-Satellite-Images-\FloodDataset\train_another\notdamage\72.1369_19.9567.jpg,train_another,notdamage,72.1369_19.9567,72.1369,19.9567
D:\codes\Flood-Detection-Using-Deep-Learning-Model-From-Satellite-Images-\FloodDataset\train_another\notdamage\96.7163_15.9574.jpg,train_another,notdamage,96.7163_15.9574,96.7163,15.9574
D:\codes\Flood-Detection-Using-Deep-Learning-Model-From-Satellite-Images-\FloodDataset\train_another\notdamage\93.2102_18.9235.jpg,train_another,notdamage,93.2102_18.9235,93.2102,18.9235
D:\codes\Flood-Detection-Using-Deep-Learning-Model-From-Satellite-Images-\FloodDataset\train_another\notdamage\86.846_15.9242.jpg,train_another,notdamage,86.846_15.9242,86.846,15.9242
D:\codes\Flood-Detection-Using-Deep-Learning-Model-From-Satellite-Images-\FloodDataset\train_another\notdamage\78.999_13.6785.jpg,train_another,notdamage,78.999_13.6785,78.999,13.6785
D:\codes\Flood-Detection-Using-Deep-Learning-Model-From-Satellite-Images-\FloodDataset\train_another\notdamage\92.6446_20.2982.jpg,train_another,notdamage,92.6446_20.2982,92.6446,20.2982
D:\codes\Flood-Detection-Using-Deep-Learning-Model-From-Satellite-Images-\FloodDataset\train_another\notdamage\95.6373_25.9184.jpg,train_another,notdamage,95.6373_25.9184,95.6373,25.9184
D:\codes\Flood-Detection-Using-Deep-Learning-Model-From-Satellite-Images-\FloodDataset\train_another\notdamage\72.7762_12.8109.jpg,train_another,notdamage,72.7762_12.8109,72.7762,12.8109
D:\codes\Flood-Detection-Using-Deep-Learning-Model-From-Satellite-Images-\FloodDataset\train_another\notdamage\91.159_24.1414.jpg,train_another,notdamage,91.159_24.1414,91.159,24.1414
D:\codes\Flood-Detection-Using-Deep-Learning-Model-From-Satellite-Images-\FloodDataset\train_another\notdamage\85.5977_9.6076.jpg,train_another,notdamage,85.5977_9.6076,85.5977,9.6076
D:\codes\Flood-Detection-Using-Deep-Learning-Model-From-Satellite-Images-\FloodDataset\train_another\notdamage\80.6818_22.2852.jpg,train_another,notdamage,80.6818_22.2852,80.6818,22.2852
D:\codes\Flood-Detection-Using-Deep-Learning-Model-From-Satellite-Images-\FloodDataset\train_another\notdamage\76.9162_35.9305.jpg,train_another,notdamage,76.9162_35.9305,76.9162,35.9305
D:\codes\Flood-Detection-Using-Deep-Learning-Model-From-Satellite-Images-\FloodDataset\train_another\notdamage\89.997_16.1832.jpg,train_another,notdamage,89.997_16.1832,89.997,16.1832
D:\codes\Flood-Detection-Using-Deep-Learning-Model-From-Satellite-Images-\FloodDataset\train_another\notdamage\73.6923_28.5443.jpg,train_another,notdamage,73.6923_28.5443,73.6923,28.5443
D:\codes\Flood-Detection-Using-Deep-Learning-Model-From-Satellite-Images-\FloodDataset\train_another\notdamage\79.4998_24.2699.jpg,train_another,notdamage,79.4998_24.2699,79.4998,24.2699
D:\codes\Flood-Detection-Using-Deep-Learning-Model-From-Satellite-Images-\FloodDataset\train_another\notdamage\83.8935_28.4078.jpg,train_another,notdamage,83.8935_28.4078,83.8935,28.4078
D:\codes\Flood-Detection-Using-Deep-Learning-Model-From-Satellite-Images-\FloodDataset\train_another\notdamage\68.2487_18.1217.jpg,train_another,notdamage,68.2487_18.1217,68.2487,18.1217
D:\codes\Flood-Detection-Using-Deep-Learning-Model-From-Satellite-Images-\FloodDataset\train_another\notdamage\78.7744_30.0048.jpg,train_another,notdamage,78.7744_30.0048,78.7744,30.0048
D:\codes\Flood-Detection-Using-Deep-Learning-Model-From-Satellite-Images-\FloodDataset\train_another\notdamage\88.6932_24.8188.jpg,train_another,notdamage,88.6932_24.8188,88.6932,24.8188
D:\codes\Flood-Detection-Using-Deep-Learning-Model-From-Satellite-Images-\FloodDataset\train_another\notdamage\69.8692_35.5316.jpg,train_another,notdamage,69.8692_35.5316,69.8692,35.5316
D:\codes\Flood-Detection-Using-Deep-Learning-Model-From-Satellite-Images-\FloodDataset\train_another\notdamage\75.527_17.4857.jpg,train_another,notdamage,75.527_17.4857,75.527,17.4857
D:\codes\Flood-Detection-Using-Deep-Learning-Model-From-Satellite-Images-\FloodDataset\train_another\notdamage\69.6672_36.3264.jpg,train_another,notdamage,69.6672_36.3264,69.6672,36.3264
D:\codes\Flood-Detection-Using-Deep-Learning-Model-From-Satellite-Images-\FloodDataset\train_another\notdamage\72.8027_21.4697.jpg,train_another,notdamage,72.8027_21.4697,72.8027,21.4697
D:\codes\Flood-Detection-Using-Deep-Learning-Model-From-Satellite-Images-\FloodDataset\train_another\notdamage\68.4881_19.8183.jpg,train_another,notdamage,68.4881_19.8183,68.4881,19.8183
D:\codes\Flood-Detection-Using-Deep-Learning-Model-From-Satellite-Images-\FloodDataset\train_another\notdamage\91.3542_27.7703.jpg,train_another,notdamage,91.3542_27.7703,91.3542,27.7703
D:\codes\Flood-Detection-Using-Deep-Learning-Model-From-Satellite-Images-\FloodDataset\train_another\notdamage\94.5251_14.3896.jpg,train_another,notdamage,94.5251_14.3896,94.5251,14.3896
D:\codes\Flood-Detection-Using-Deep-Learning-Model-From-Satellite-Images-\FloodDataset\train_another\notdamage\92.2353_20.1181.jpg,train_another,notdamage,92.2353_20.1181,92.2353,20.1181
D:\codes\Flood-Detection-Using-Deep-Learning-Model-From-Satellite-Images-\FloodDataset\train_another\notdamage\92.6088_8.7972.jpg,train_another,notdamage,92.6088_8.7972,92.6088,8.7972
D:\codes\Flood-Detection-Using-Deep-Learning-Model-From-Satellite-Images-\FloodDataset\train_another\notdamage\86.309_32.5209.jpg,train_another,notdamage,86.309_32.5209,86.309,32.5209
D:\codes\Flood-Detection-Using-Deep-Learning-Model-From-Satellite-Images-\FloodDataset\train_another\notdamage\77.2785_18.8661.jpg,train_another,notdamage,77.2785_18.8661,77.2785,18.8661
D:\codes\Flood-Detection-Using-Deep-Learning-Model-From-Satellite-Images-\FloodDataset\train_another\notdamage\88.8897_34.325.jpg,train_another,notdamage,88.8897_34.325,88.8897,34.325
D:\codes\Flood-Detection-Using-Deep-Learning-Model-From-Satellite-Images-\FloodDataset\train_another\notdamage\84.3082_31.7598.jpg,train_another,notdamage,84.3082_31.7598,84.3082,31.7598
D:\codes\Flood-Detection-Using-Deep-Learning-Model-From-Satellite-Images-\FloodDataset\train_another\notdamage\76.0636_27.4302.jpg,train_another,notdamage,76.0636_27.4302,76.0636,27.4302
D:\codes\Flood-Detection-Using-Deep-Learning-Model-From-Satellite-Images-\FloodDataset\train_another\notdamage\93.5093_19.0128.jpg,train_another,notdamage,93.5093_19.0128,93.5093,19.0128
D:\codes\Flood-Detection-Using-Deep-Learning-Model-From-Satellite-Images-\FloodDataset\train_another\notdamage\72.0404_20.1974.jpg,train_another,notdamage,72.0404_20.1974,72.0404,20.1974
D:\codes\Flood-Detection-Using-Deep-Learning-Model-From-Satellite-Images-\FloodDataset\train_another\notdamage\96.64_25.834.jpg,train_another,notdamage,96.64_25.834,96.64,25.834
D:\codes\Flood-Detection-Using-Deep-Learning-Model-From-Satellite-Images-\FloodDataset\train_another\notdamage\84.8294_29.3135.jpg,train_another,notdamage,84.8294_29.3135,84.8294,29.3135
D:\codes\Flood-Detection-Using-Deep-Learning-Model-From-Satellite-Images-\FloodDataset\train_another\notdamage\69.2532_22.5009.jpg,train_another,notdamage,69.2532_22.5009,69.2532,22.5009
D:\codes\Flood-Detection-Using-Deep-Learning-Model-From-Satellite-Images-\FloodDataset\train_another\notdamage\81.2527_26.1416.jpg,train_another,notdamage,81.2527_26.1416,81.2527,26.1416
D:\codes\Flood-Detection-Using-Deep-Learning-Model-From-Satellite-Images-\FloodDataset\train_another\notdamage\94.5121_9.3646.jpg,train_another,notdamage,94.5121_9.3646,94.5121,9.3646
D:\codes\Flood-Detection-Using-Deep-Learning-Model-From-Satellite-Images-\FloodDataset\train_another\notdamage\90.2488_33.2623.jpg,train_another,notdamage,90.2488_33.2623,90.2488,33.2623
D:\codes\Flood-Detection-Using-Deep-Learning-Model-From-Satellite-Images-\FloodDataset\train_another\notdamage\79.2704_8.2829.jpg,train_another,notdamage,79.2704_8.2829,79.2704,8.2829
D:\codes\Flood-Detection-Using-Deep-Learning-Model-From-Satellite-Images-\FloodDataset\train_another\notdamage\77.9038_36.1686.jpg,train_another,notdamage,77.9038_36.1686,77.9038,36.1686
D:\codes\Flood-Detection-Using-Deep-Learning-Model-From-Satellite-Images-\FloodDataset\train_another\notdamage\91.3653_28.4756.jpg,train_another,notdamage,91.3653_28.4756,91.3653,28.4756
D:\codes\Flood-Detection-Using-Deep-Learning-Model-From-Satellite-Images-\FloodDataset\train_another\notdamage\83.0487_26.893.jpg,train_another,notdamage,83.0487_26.893,83.0487,26.893
D:\codes\Flood-Detection-Using-Deep-Learning-Model-From-Satellite-Images-\FloodDataset\train_another\notdamage\96.0812_14.1439.jpg,train_another,notdamage,96.0812_14.1439,96.0812,14.1439
D:\codes\Flood-Detection-Using-Deep-Learning-Model-From-Satellite-Images-\FloodDataset\train_another\notdamage\91.747_25.1268.jpg,train_another,notdamage,91.747_25.1268,91.747,25.1268
D:\codes\Flood-Detection-Using-Deep-Learning-Model-From-Satellite-Images-\FloodDataset\train_another\notdamage\71.6134_25.2835.jpg,train_another,notdamage,71.6134_25.2835,71.6134,25.2835
D:\codes\Flood-Detection-Using-Deep-Learning-Model-From-Satellite-Images-\FloodDataset\train_another\notdamage\70.1344_13.6316.jpg,train_another,notdamage,70.1344_13.6316,70.1344,13.6316
D:\codes\Flood-Detection-Using-Deep-Learning-Model-From-Satellite-Images-\FloodDataset\train_another\notdamage\91.69_30.7948.jpg,train_another,notdamage,91.69_30.7948,91.69,30.7948
D:\codes\Flood-Detection-Using-Deep-Learning-Model-From-Satellite-Images-\FloodDataset\train_another\notdamage\88.7108_24.0654.jpg,train_another,notdamage,88.7108_24.0654,88.7108,24.0654
D:\codes\Flood-Detection-Using-Deep-Learning-Model-From-Satellite-Images-\FloodDataset\train_another\notdamage\76.3267_15.9678.jpg,train_another,notdamage,76.3267_15.9678,76.3267,15.9678
D:\codes\Flood-Detection-Using-Deep-Learning-Model-From-Satellite-Images-\FloodDataset\train_another\notdamage\71.077_27.7766.jpg,train_another,notdamage,71.077_27.7766,71.077,27.7766
D:\codes\Flood-Detection-Using-Deep-Learning-Model-From-Satellite-Images-\FloodDataset\train_another\notdamage\92.5929_12.2202.jpg,train_another,notdamage,92.5929_12.2202,92.5929,12.2202
D:\codes\Flood-Detection-Using-Deep-Learning-Model-From-Satellite-Images-\FloodDataset\train_another\notdamage\85.6475_14.0673.jpg,train_another,notdamage,85.6475_14.0673,85.6475,14.0673
D:\codes\Flood-Detection-Using-Deep-Learning-Model-From-Satellite-Images-\FloodDataset\train_another\notdamage\76.2032_25.4201.jpg,train_another,notdamage,76.2032_25.4201,76.2032,25.4201
D:\codes\Flood-Detection-Using-Deep-Learning-Model-From-Satellite-Images-\FloodDataset\train_another\notdamage\81.9176_15.0903.jpg,train_another,notdamage,81.9176_15.0903,81.9176,15.0903
D:\codes\Flood-Detection-Using-Deep-Learning-Model-From-Satellite-Images-\FloodDataset\train_another\notdamage\71.7709_15.4877.jpg,train_another,notdamage,71.7709_15.4877,71.7709,15.4877
D:\codes\Flood-Detection-Using-Deep-Learning-Model-From-Satellite-Images-\FloodDataset\train_another\notdamage\70.892_30.8364.jpg,train_another,notdamage,70.892_30.8364,70.892,30.8364
D:\codes\Flood-Detection-Using-Deep-Learning-Model-From-Satellite-Images-\FloodDataset\train_another\notdamage\69.5097_24.0777.jpg,train_another,notdamage,69.5097_24.0777,69.5097,24.0777
D:\codes\Flood-Detection-Using-Deep-Learning-Model-From-Satellite-Images-\FloodDataset\train_another\notdamage\77.2534_15.1836.jpg,train_another,notdamage,77.2534_15.1836,77.2534,15.1836
D:\codes\Flood-Detection-Using-Deep-Learning-Model-From-Satellite-Images-\FloodDataset\train_another\notdamage\74.2893_22.2372.jpg,train_another,notdamage,74.2893_22.2372,74.2893,22.2372
D:\codes\Flood-Detection-Using-Deep-Learning-Model-From-Satellite-Images-\FloodDataset\train_another\notdamage\86.6593_25.4956.jpg,train_another,notdamage,86.6593_25.4956,86.6593,25.4956
D:\codes\Flood-Detection-Using-Deep-Learning-Model-From-Satellite-Images-\FloodDataset\train_another\notdamage\76.8831_19.7118.jpg,train_another,notdamage,76.8831_19.7118,76.8831,19.7118
D:\codes\Flood-Detection-Using-Deep-Learning-Model-From-Satellite-Images-\FloodDataset\train_another\notdamage\84.4191_34.4086.jpg,train_another,notdamage,84.4191_34.4086,84.4191,34.4086
D:\codes\Flood-Detection-Using-Deep-Learning-Model-From-Satellite-Images-\FloodDataset\train_another\notdamage\75.1024_32.8077.jpg,train_another,notdamage,75.1024_32.8077,75.1024,32.8077
D:\codes\Flood-Detection-Using-Deep-Learning-Model-From-Satellite-Images-\FloodDataset\train_another\notdamage\92.5404_32.2007.jpg,train_another,notdamage,92.5404_32.2007,92.5404,32.2007
D:\codes\Flood-Detection-Using-Deep-Learning-Model-From-Satellite-Images-\FloodDataset\train_another\notdamage\75.9425_13.9615.jpg,train_another,notdamage,75.9425_13.9615,75.9425,13.9615
D:\codes\Flood-Detection-Using-Deep-Learning-Model-From-Satellite-Images-\FloodDataset\train_another\notdamage\77.7885_9.3551.jpg,train_another,notdamage,77.7885_9.3551,77.7885,9.3551
D:\codes\Flood-Detection-Using-Deep-Learning-Model-From-Satellite-Images-\FloodDataset\train_another\notdamage\69.1529_20.2917.jpg,train_another,notdamage,69.1529_20.2917,69.1529,20.2917
D:\codes\Flood-Detection-Using-Deep-Learning-Model-From-Satellite-Images-\FloodDataset\train_another\notdamage\82.0691_31.1107.jpg,train_another,notdamage,82.0691_31.1107,82.0691,31.1107
D:\codes\Flood-Detection-Using-Deep-Learning-Model-From-Satellite-Images-\FloodDataset\train_another\notdamage\89.364_28.7808.jpg,train_another,notdamage,89.364_28.7808,89.364,28.7808
D:\codes\Flood-Detection-Using-Deep-Learning-Model-From-Satellite-Images-\FloodDataset\train_another\notdamage\79.8995_10.7544.jpg,train_another,notdamage,79.8995_10.7544,79.8995,10.7544
D:\codes\Flood-Detection-Using-Deep-Learning-Model-From-Satellite-Images-\FloodDataset\train_another\notdamage\78.2156_26.3637.jpg,train_another,notdamage,78.2156_26.3637,78.2156,26.3637
D:\codes\Flood-Detection-Using-Deep-Learning-Model-From-Satellite-Images-\FloodDataset\train_another\notdamage\84.9838_32.5742.jpg,train_another,notdamage,84.9838_32.5742,84.9838,32.5742
D:\codes\Flood-Detection-Using-Deep-Learning-Model-From-Satellite-Images-\FloodDataset\train_another\notdamage\81.8168_13.9518.jpg,train_another,notdamage,81.8168_13.9518,81.8168,13.9518
D:\codes\Flood-Detection-Using-Deep-Learning-Model-From-Satellite-Images-\FloodDataset\train_another\notdamage\83.2847_11.081.jpg,train_another,notdamage,83.2847_11.081,83.2847,11.081
D:\codes\Flood-Detection-Using-Deep-Learning-Model-From-Satellite-Images-\FloodDataset\train_another\notdamage\93.8225_19.4009.jpg,train_another,notdamage,93.8225_19.4009,93.8225,19.4009
D:\codes\Flood-Detection-Using-Deep-Learning-Model-From-Satellite-Images-\FloodDataset\train_another\notdamage\85.5635_18.6662.jpg,train_another,notdamage,85.5635_18.6662,85.5635,18.6662
D:\codes\Flood-Detection-Using-Deep-Learning-Model-From-Satellite-Images-\FloodDataset\train_another\notdamage\69.3398_21.1409.jpg,train_another,notdamage,69.3398_21.1409,69.3398,21.1409
D:\codes\Flood-Detection-Using-Deep-Learning-Model-From-Satellite-Images-\FloodDataset\train_another\notdamage\89.4301_26.694.jpg,train_another,notdamage,89.4301_26.694,89.4301,26.694
D:\codes\Flood-Detection-Using-Deep-Learning-Model-From-Satellite-Images-\FloodDataset\train_another\notdamage\91.5643_32.7393.jpg,train_another,notdamage,91.5643_32.7393,91.5643,32.7393
D:\codes\Flood-Detection-Using-Deep-Learning-Model-From-Satellite-Images-\FloodDataset\train_another\notdamage\96.3125_21.5313.jpg,train_another,notdamage,96.3125_21.5313,96.3125,21.5313
D:\codes\Flood-Detection-Using-Deep-Learning-Model-From-Satellite-Images-\FloodDataset\train_another\notdamage\79.1799_9.6566.jpg,train_another,notdamage,79.1799_9.6566,79.1799,9.6566
D:\codes\Flood-Detection-Using-Deep-Learning-Model-From-Satellite-Images-\FloodDataset\train_another\notdamage\84.2435_23.8904.jpg,train_another,notdamage,84.2435_23.8904,84.2435,23.8904
D:\codes\Flood-Detection-Using-Deep-Learning-Model-From-Satellite-Images-\FloodDataset\train_another\notdamage\75.6591_22.82.jpg,train_another,notdamage,75.6591_22.82,75.6591,22.82
D:\codes\Flood-Detection-Using-Deep-Learning-Model-From-Satellite-Images-\FloodDataset\train_another\notdamage\82.9097_18.2402.jpg,train_another,notdamage,82.9097_18.2402,82.9097,18.2402
D:\codes\Flood-Detection-Using-Deep-Learning-Model-From-Satellite-Images-\FloodDataset\train_another\notdamage\73.5998_20.9798.jpg,train_another,notdamage,73.5998_20.9798,73.5998,20.9798
D:\codes\Flood-Detection-Using-Deep-Learning-Model-From-Satellite-Images-\FloodDataset\train_another\notdamage\69.9015_24.1895.jpg,train_another,notdamage,69.9015_24.1895,69.9015,24.1895
D:\codes\Flood-Detection-Using-Deep-Learning-Model-From-Satellite-Images-\FloodDataset\train_another\notdamage\72.2857_27.0732.jpg,train_another,notdamage,72.2857_27.0732,72.2857,27.0732
D:\codes\Flood-Detection-Using-Deep-Learning-Model-From-Satellite-Images-\FloodDataset\train_another\notdamage\87.9364_10.4901.jpg,train_another,notdamage,87.9364_10.4901,87.9364,10.4901
D:\codes\Flood-Detection-Using-Deep-Learning-Model-From-Satellite-Images-\FloodDataset\train_another\notdamage\89.5102_31.8955.jpg,train_another,notdamage,89.5102_31.8955,89.5102,31.8955
D:\codes\Flood-Detection-Using-Deep-Learning-Model-From-Satellite-Images-\FloodDataset\train_another\notdamage\75.7715_23.8269.jpg,train_another,notdamage,75.7715_23.8269,75.7715,23.8269
D:\codes\Flood-Detection-Using-Deep-Learning-Model-From-Satellite-Images-\FloodDataset\train_another\notdamage\90.9171_24.7659.jpg,train_another,notdamage,90.9171_24.7659,90.9171,24.7659
D:\codes\Flood-Detection-Using-Deep-Learning-Model-From-Satellite-Images-\FloodDataset\train_another\notdamage\88.0726_21.7898.jpg,train_another,notdamage,88.0726_21.7898,88.0726,21.7898
D:\codes\Flood-Detection-Using-Deep-Learning-Model-From-Satellite-Images-\FloodDataset\train_another\notdamage\84.7573_17.2191.jpg,train_another,notdamage,84.7573_17.2191,84.7573,17.2191
D:\codes\Flood-Detection-Using-Deep-Learning-Model-From-Satellite-Images-\FloodDataset\train_another\notdamage\95.6075_27.5341.jpg,train_another,notdamage,95.6075_27.5341,95.6075,27.5341
D:\codes\Flood-Detection-Using-Deep-Learning-Model-From-Satellite-Images-\FloodDataset\train_another\notdamage\68.0037_16.8352.jpg,train_another,notdamage,68.0037_16.8352,68.0037,16.8352
D:\codes\Flood-Detection-Using-Deep-Learning-Model-From-Satellite-Images-\FloodDataset\train_another\notdamage\87.6598_9.7825.jpg,train_another,notdamage,87.6598_9.7825,87.6598,9.7825
D:\codes\Flood-Detection-Using-Deep-Learning-Model-From-Satellite-Images-\FloodDataset\train_another\notdamage\89.5332_21.7957.jpg,train_another,notdamage,89.5332_21.7957,89.5332,21.7957
D:\codes\Flood-Detection-Using-Deep-Learning-Model-From-Satellite-Images-\FloodDataset\train_another\notdamage\69.4974_17.146.jpg,train_another,notdamage,69.4974_17.146,69.4974,17.146
D:\codes\Flood-Detection-Using-Deep-Learning-Model-From-Satellite-Images-\FloodDataset\train_another\notdamage\84.8809_23.8044.jpg,train_another,notdamage,84.8809_23.8044,84.8809,23.8044
D:\codes\Flood-Detection-Using-Deep-Learning-Model-From-Satellite-Images-\FloodDataset\train_another\notdamage\68.0542_12.2718.jpg,train_another,notdamage,68.0542_12.2718,68.0542,12.2718
D:\codes\Flood-Detection-Using-Deep-Learning-Model-From-Satellite-Images-\FloodDataset\train_another\notdamage\85.1526_18.166.jpg,train_another,notdamage,85.1526_18.166,85.1526,18.166
D:\codes\Flood-Detection-Using-Deep-Learning-Model-From-Satellite-Images-\FloodDataset\train_another\notdamage\70.5987_28.5261.jpg,train_another,notdamage,70.5987_28.5261,70.5987,28.5261
D:\codes\Flood-Detection-Using-Deep-Learning-Model-From-Satellite-Images-\FloodDataset\train_another\notdamage\85.2965_31.9034.jpg,train_another,notdamage,85.2965_31.9034,85.2965,31.9034
D:\codes\Flood-Detection-Using-Deep-Learning-Model-From-Satellite-Images-\FloodDataset\train_another\notdamage\91.5736_18.9007.jpg,train_another,notdamage,91.5736_18.9007,91.5736,18.9007
D:\codes\Flood-Detection-Using-Deep-Learning-Model-From-Satellite-Images-\FloodDataset\train_another\notdamage\84.4355_13.7464.jpg,train_another,notdamage,84.4355_13.7464,84.4355,13.7464
D:\codes\Flood-Detection-Using-Deep-Learning-Model-From-Satellite-Images-\FloodDataset\train_another\notdamage\79.6644_14.3698.jpg,train_another,notdamage,79.6644_14.3698,79.6644,14.3698
D:\codes\Flood-Detection-Using-Deep-Learning-Model-From-Satellite-Images-\FloodDataset\validation_another\damage\83.0754_20.9206.jpg,validation_another,damage,83.0754_20.9206,83.0754,20.9206
D:\codes\Flood-Detection-Using-Deep-Learning-Model-From-Satellite-Images-\FloodDataset\validation_another\damage\81.4754_35.0904.jpg,validation_another,damage,81.4754_35.0904,81.4754,35.0904
D:\codes\Flood-Detection-Using-Deep-Learning-Model-From-Satellite-Images-\FloodDataset\validation_another\damage\82.1937_19.3645.jpg,validation_another,damage,82.1937_19.3645,82.1937,19.3645
D:\codes\Flood-Detection-Using-Deep-Learning-Model-From-Satellite-Images-\FloodDataset\validation_another\damage\93.1885_26.8764.jpg,validation_another,damage,93.1885_26.8764,93.1885,26.8764
D:\codes\Flood-Detection-Using-Deep-Learning-Model-From-Satellite-Images-\FloodDataset\validation_another\damage\92.9361_10.483.jpg,validation_another,damage,92.9361_10.483,92.9361,10.483
D:\codes\Flood-Detection-Using-Deep-Learning-Model-From-Satellite-Images-\FloodDataset\validation_another\damage\89.8934_14.0401.jpg,validation_another,damage,89.8934_14.0401,89.8934,14.0401
D:\codes\Flood-Detection-Using-Deep-Learning-Model-From-Satellite-Images-\FloodDataset\validation_another\damage\72.6566_21.6525.jpg,validation_another,damage,72.6566_21.6525,72.6566,21.6525
D:\codes\Flood-Detection-Using-Deep-Learning-Model-From-Satellite-Images-\FloodDataset\validation_another\damage\69.6528_9.8605.jpg,validation_another,damage,69.6528_9.8605,69.6528,9.8605
D:\codes\Flood-Detection-Using-Deep-Learning-Model-From-Satellite-Images-\FloodDataset\validation_another\damage\91.1419_10.4687.jpg,validation_another,damage,91.1419_10.4687,91.1419,10.4687
D:\codes\Flood-Detection-Using-Deep-Learning-Model-From-Satellite-Images-\FloodDataset\validation_another\damage\95.1873_10.8788.jpg,validation_another,damage,95.1873_10.8788,95.1873,10.8788
D:\codes\Flood-Detection-Using-Deep-Learning-Model-From-Satellite-Images-\FloodDataset\validation_another\damage\68.1811_15.1691.jpg,validation_another,damage,68.1811_15.1691,68.1811,15.1691
D:\codes\Flood-Detection-Using-Deep-Learning-Model-From-Satellite-Images-\FloodDataset\validation_another\damage\87.7662_32.7889.jpg,validation_another,damage,87.7662_32.7889,87.7662,32.7889
D:\codes\Flood-Detection-Using-Deep-Learning-Model-From-Satellite-Images-\FloodDataset\validation_another\damage\72.8315_19.8.jpg,validation_another,damage,72.8315_19.8,72.8315,19.8
D:\codes\Flood-Detection-Using-Deep-Learning-Model-From-Satellite-Images-\FloodDataset\validation_another\damage\94.7282_24.0775.jpg,validation_another,damage,94.7282_24.0775,94.7282,24.0775
D:\codes\Flood-Detection-Using-Deep-Learning-Model-From-Satellite-Images-\FloodDataset\validation_another\damage\91.7446_22.8599.jpg,validation_another,damage,91.7446_22.8599,91.7446,22.8599
D:\codes\Flood-Detection-Using-Deep-Learning-Model-From-Satellite-Images-\FloodDataset\validation_another\damage\92.7235_36.4046.jpg,validation_another,damage,92.7235_36.4046,92.7235,36.4046
D:\codes\Flood-Detection-Using-Deep-Learning-Model-From-Satellite-Images-\FloodDataset\validation_another\damage\70.3644_18.7352.jpg,validation_another,damage,70.3644_18.7352,70.3644,18.7352
D:\codes\Flood-Detection-Using-Deep-Learning-Model-From-Satellite-Images-\FloodDataset\validation_another\damage\94.2208_33.8637.jpg,validation_another,damage,94.2208_33.8637,94.2208,33.8637
D:\codes\Flood-Detection-Using-Deep-Learning-Model-From-Satellite-Images-\FloodDataset\validation_another\damage\88.2876_34.2668.jpg,validation_another,damage,88.2876_34.2668,88.2876,34.2668
D:\codes\Flood-Detection-Using-Deep-Learning-Model-From-Satellite-Images-\FloodDataset\validation_another\damage\74.5301_16.8265.jpg,validation_another,damage,74.5301_16.8265,74.5301,16.8265
D:\codes\Flood-Detection-Using-Deep-Learning-Model-From-Satellite-Images-\FloodDataset\validation_another\damage\87.8934_11.9382.jpg,validation_another,damage,87.8934_11.9382,87.8934,11.9382
D:\codes\Flood-Detection-Using-Deep-Learning-Model-From-Satellite-Images-\FloodDataset\validation_another\damage\90.1838_35.4993.jpg,validation_another,damage,90.1838_35.4993,90.1838,35.4993
D:\codes\Flood-Detection-Using-Deep-Learning-Model-From-Satellite-Images-\FloodDataset\validation_another\damage\81.0569_8.5814.jpg,validation_another,damage,81.0569_8.5814,81.0569,8.5814
D:\codes\Flood-Detection-Using-Deep-Learning-Model-From-Satellite-Images-\FloodDataset\validation_another\damage\73.437_25.9534.jpg,validation_another,damage,73.437_25.9534,73.437,25.9534
D:\codes\Flood-Detection-Using-Deep-Learning-Model-From-Satellite-Images-\FloodDataset\validation_another\damage\69.4207_15.692.jpg,validation_another,damage,69.4207_15.692,69.4207,15.692
D:\codes\Flood-Detection-Using-Deep-Learning-Model-From-Satellite-Images-\FloodDataset\validation_another\damage\68.0621_9.4965.jpg,validation_another,damage,68.0621_9.4965,68.0621,9.4965
D:\codes\Flood-Detection-Using-Deep-Learning-Model-From-Satellite-Images-\FloodDataset\validation_another\damage\82.342_10.7874.jpg,validation_another,damage,82.342_10.7874,82.342,10.7874
D:\codes\Flood-Detection-Using-Deep-Learning-Model-From-Satellite-Images-\FloodDataset\validation_another\damage\71.387_27.4973.jpg,validation_another,damage,71.387_27.4973,71.387,27.4973
D:\codes\Flood-Detection-Using-Deep-Learning-Model-From-Satellite-Images-\FloodDataset\validation_another\damage\96.2508_31.6353.jpg,validation_another,damage,96.2508_31.6353,96.2508,31.6353
D:\codes\Flood-Detection-Using-Deep-Learning-Model-From-Satellite-Images-\FloodDataset\validation_another\damage\68.7738_16.627.jpg,validation_another,damage,68.7738_16.627,68.7738,16.627
D:\codes\Flood-Detection-Using-Deep-Learning-Model-From-Satellite-Images-\FloodDataset\validation_another\damage\72.4572_13.6556.jpg,validation_another,damage,72.4572_13.6556,72.4572,13.6556
D:\codes\Flood-Detection-Using-Deep-Learning-Model-From-Satellite-Images-\FloodDataset\validation_another\damage\72.8308_27.4539.jpg,validation_another,damage,72.8308_27.4539,72.8308,27.4539
D:\codes\Flood-Detection-Using-Deep-Learning-Model-From-Satellite-Images-\FloodDataset\validation_another\damage\72.2299_32.9284.jpg,validation_another,damage,72.2299_32.9284,72.2299,32.9284
D:\codes\Flood-Detection-Using-Deep-Learning-Model-From-Satellite-Images-\FloodDataset\validation_another\damage\74.3495_16.9212.jpg,validation_another,damage,74.3495_16.9212,74.3495,16.9212
D:\codes\Flood-Detection-Using-Deep-Learning-Model-From-Satellite-Images-\FloodDataset\validation_another\damage\83.2864_11.6341.jpg,validation_another,damage,83.2864_11.6341,83.2864,11.6341
D:\codes\Flood-Detection-Using-Deep-Learning-Model-From-Satellite-Images-\FloodDataset\validation_another\damage\92.604_35.2004.jpg,validation_another,damage,92.604_35.2004,92.604,35.2004
D:\codes\Flood-Detection-Using-Deep-Learning-Model-From-Satellite-Images-\FloodDataset\validation_another\damage\84.3452_31.5146.jpg,validation_another,damage,84.3452_31.5146,84.3452,31.5146
D:\codes\Flood-Detection-Using-Deep-Learning-Model-From-Satellite-Images-\FloodDataset\validation_another\damage\79.9179_24.2926.jpg,validation_another,damage,79.9179_24.2926,79.9179,24.2926
D:\codes\Flood-Detection-Using-Deep-Learning-Model-From-Satellite-Images-\FloodDataset\validation_another\damage\90.2663_11.7069.jpg,validation_another,damage,90.2663_11.7069,90.2663,11.7069
D:\codes\Flood-Detection-Using-Deep-Learning-Model-From-Satellite-Images-\FloodDataset\validation_another\damage\74.9932_26.8005.jpg,validation_another,damage,74.9932_26.8005,74.9932,26.8005
D:\codes\Flood-Detection-Using-Deep-Learning-Model-From-Satellite-Images-\FloodDataset\validation_another\damage\71.2932_12.247.jpg,validation_another,damage,71.2932_12.247,71.2932,12.247
D:\codes\Flood-Detection-Using-Deep-Learning-Model-From-Satellite-Images-\FloodDataset\validation_another\damage\93.5451_13.888.jpg,validation_another,damage,93.5451_13.888,93.5451,13.888
D:\codes\Flood-Detection-Using-Deep-Learning-Model-From-Satellite-Images-\FloodDataset\validation_another\damage\89.0254_36.2392.jpg,validation_another,damage,89.0254_36.2392,89.0254,36.2392
D:\codes\Flood-Detection-Using-Deep-Learning-Model-From-Satellite-Images-\FloodDataset\validation_another\damage\79.9945_29.7986.jpg,validation_another,damage,79.9945_29.7986,79.9945,29.7986
D:\codes\Flood-Detection-Using-Deep-Learning-Model-From-Satellite-Images-\FloodDataset\validation_another\damage\72.851_20.8686.jpg,validation_another,damage,72.851_20.8686,72.851,20.8686
D:\codes\Flood-Detection-Using-Deep-Learning-Model-From-Satellite-Images-\FloodDataset\validation_another\damage\79.6191_33.3472.jpg,validation_another,damage,79.6191_33.3472,79.6191,33.3472
D:\codes\Flood-Detection-Using-Deep-Learning-Model-From-Satellite-Images-\FloodDataset\validation_another\damage\70.7574_36.8406.jpg,validation_another,damage,70.7574_36.8406,70.7574,36.8406
D:\codes\Flood-Detection-Using-Deep-Learning-Model-From-Satellite-Images-\FloodDataset\validation_another\damage\95.3202_21.562.jpg,validation_another,damage,95.3202_21.562,95.3202,21.562
D:\codes\Flood-Detection-Using-Deep-Learning-Model-From-Satellite-Images-\FloodDataset\validation_another\damage\94.7366_25.2507.jpg,validation_another,damage,94.7366_25.2507,94.7366,25.2507
D:\codes\Flood-Detection-Using-Deep-Learning-Model-From-Satellite-Images-\FloodDataset\validation_another\damage\90.7839_14.5366.jpg,validation_another,damage,90.7839_14.5366,90.7839,14.5366
D:\codes\Flood-Detection-Using-Deep-Learning-Model-From-Satellite-Images-\FloodDataset\validation_another\damage\82.0989_29.3647.jpg,validation_another,damage,82.0989_29.3647,82.0989,29.3647
D:\codes\Flood-Detection-Using-Deep-Learning-Model-From-Satellite-Images-\FloodDataset\validation_another\damage\70.233_33.7953.jpg,validation_another,damage,70.233_33.7953,70.233,33.7953
D:\codes\Flood-Detection-Using-Deep-Learning-Model-From-Satellite-Images-\FloodDataset\validation_another\damage\87.0258_8.444.jpg,validation_another,damage,87.0258_8.444,87.0258,8.444
D:\codes\Flood-Detection-Using-Deep-Learning-Model-From-Satellite-Images-\FloodDataset\validation_another\damage\76.5216_32.1168.jpg,validation_another,damage,76.5216_32.1168,76.5216,32.1168
D:\codes\Flood-Detection-Using-Deep-Learning-Model-From-Satellite-Images-\FloodDataset\validation_another\damage\81.63_16.0669.jpg,validation_another,damage,81.63_16.0669,81.63,16.0669
D:\codes\Flood-Detection-Using-Deep-Learning-Model-From-Satellite-Images-\FloodDataset\validation_another\damage\86.3325_8.9765.jpg,validation_another,damage,86.3325_8.9765,86.3325,8.9765
D:\codes\Flood-Detection-Using-Deep-Learning-Model-From-Satellite-Images-\FloodDataset\validation_another\damage\91.883_27.2784.jpg,validation_another,damage,91.883_27.2784,91.883,27.2784
D:\codes\Flood-Detection-Using-Deep-Learning-Model-From-Satellite-Images-\FloodDataset\validation_another\damage\74.3719_22.2202.jpg,validation_another,damage,74.3719_22.2202,74.3719,22.2202
D:\codes\Flood-Detection-Using-Deep-Learning-Model-From-Satellite-Images-\FloodDataset\validation_another\damage\77.0828_27.4982.jpg,validation_another,damage,77.0828_27.4982,77.0828,27.4982
D:\codes\Flood-Detection-Using-Deep-Learning-Model-From-Satellite-Images-\FloodDataset\validation_another\damage\77.9589_25.6274.jpg,validation_another,damage,77.9589_25.6274,77.9589,25.6274
D:\codes\Flood-Detection-Using-Deep-Learning-Model-From-Satellite-Images-\FloodDataset\validation_another\damage\74.2789_21.7756.jpg,validation_another,damage,74.2789_21.7756,74.2789,21.7756
D:\codes\Flood-Detection-Using-Deep-Learning-Model-From-Satellite-Images-\FloodDataset\validation_another\damage\92.9287_9.962.jpg,validation_another,damage,92.9287_9.962,92.9287,9.962
D:\codes\Flood-Detection-Using-Deep-Learning-Model-From-Satellite-Images-\FloodDataset\validation_another\damage\76.0548_28.063.jpg,validation_another,damage,76.0548_28.063,76.0548,28.063
D:\codes\Flood-Detection-Using-Deep-Learning-Model-From-Satellite-Images-\FloodDataset\validation_another\damage\83.5097_9.3561.jpg,validation_another,damage,83.5097_9.3561,83.5097,9.3561
D:\codes\Flood-Detection-Using-Deep-Learning-Model-From-Satellite-Images-\FloodDataset\validation_another\damage\90.3934_34.3005.jpg,validation_another,damage,90.3934_34.3005,90.3934,34.3005
D:\codes\Flood-Detection-Using-Deep-Learning-Model-From-Satellite-Images-\FloodDataset\validation_another\damage\73.4415_25.4875.jpg,validation_another,damage,73.4415_25.4875,73.4415,25.4875
D:\codes\Flood-Detection-Using-Deep-Learning-Model-From-Satellite-Images-\FloodDataset\validation_another\damage\76.791_10.412.jpg,validation_another,damage,76.791_10.412,76.791,10.412
D:\codes\Flood-Detection-Using-Deep-Learning-Model-From-Satellite-Images-\FloodDataset\validation_another\damage\78.1736_26.713.jpg,validation_another,damage,78.1736_26.713,78.1736,26.713
D:\codes\Flood-Detection-Using-Deep-Learning-Model-From-Satellite-Images-\FloodDataset\validation_another\damage\72.3725_22.2592.jpg,validation_another,damage,72.3725_22.2592,72.3725,22.2592
D:\codes\Flood-Detection-Using-Deep-Learning-Model-From-Satellite-Images-\FloodDataset\validation_another\damage\69.1834_24.8163.jpg,validation_another,damage,69.1834_24.8163,69.1834,24.8163
D:\codes\Flood-Detection-Using-Deep-Learning-Model-From-Satellite-Images-\FloodDataset\validation_another\damage\95.911_16.1207.jpg,validation_another,damage,95.911_16.1207,95.911,16.1207
D:\codes\Flood-Detection-Using-Deep-Learning-Model-From-Satellite-Images-\FloodDataset\validation_another\damage\84.592_16.0586.jpg,validation_another,damage,84.592_16.0586,84.592,16.0586
D:\codes\Flood-Detection-Using-Deep-Learning-Model-From-Satellite-Images-\FloodDataset\validation_another\damage\83.9948_18.2485.jpg,validation_another,damage,83.9948_18.2485,83.9948,18.2485
D:\codes\Flood-Detection-Using-Deep-Learning-Model-From-Satellite-Images-\FloodDataset\validation_another\damage\85.7051_12.2668.jpg,validation_another,damage,85.7051_12.2668,85.7051,12.2668
D:\codes\Flood-Detection-Using-Deep-Learning-Model-From-Satellite-Images-\FloodDataset\validation_another\damage\68.8379_35.2637.jpg,validation_another,damage,68.8379_35.2637,68.8379,35.2637
D:\codes\Flood-Detection-Using-Deep-Learning-Model-From-Satellite-Images-\FloodDataset\validation_another\damage\91.7204_32.3533.jpg,validation_another,damage,91.7204_32.3533,91.7204,32.3533
D:\codes\Flood-Detection-Using-Deep-Learning-Model-From-Satellite-Images-\FloodDataset\validation_another\damage\81.5592_28.095.jpg,validation_another,damage,81.5592_28.095,81.5592,28.095
D:\codes\Flood-Detection-Using-Deep-Learning-Model-From-Satellite-Images-\FloodDataset\validation_another\damage\73.2222_10.4473.jpg,validation_another,damage,73.2222_10.4473,73.2222,10.4473
D:\codes\Flood-Detection-Using-Deep-Learning-Model-From-Satellite-Images-\FloodDataset\validation_another\notdamage\77.4462_31.8932.jpg,validation_another,notdamage,77.4462_31.8932,77.4462,31.8932
D:\codes\Flood-Detection-Using-Deep-Learning-Model-From-Satellite-Images-\FloodDataset\validation_another\notdamage\72.0727_27.5426.jpg,validation_another,notdamage,72.0727_27.5426,72.0727,27.5426
D:\codes\Flood-Detection-Using-Deep-Learning-Model-From-Satellite-Images-\FloodDataset\validation_another\notdamage\78.6227_33.8713.jpg,validation_another,notdamage,78.6227_33.8713,78.6227,33.8713
D:\codes\Flood-Detection-Using-Deep-Learning-Model-From-Satellite-Images-\FloodDataset\validation_another\notdamage\94.3259_35.1451.jpg,validation_another,notdamage,94.3259_35.1451,94.3259,35.1451
D:\codes\Flood-Detection-Using-Deep-Learning-Model-From-Satellite-Images-\FloodDataset\validation_another\notdamage\74.8793_28.8904.jpg,validation_another,notdamage,74.8793_28.8904,74.8793,28.8904
D:\codes\Flood-Detection-Using-Deep-Learning-Model-From-Satellite-Images-\FloodDataset\validation_another\notdamage\85.0241_22.2483.jpg,validation_another,notdamage,85.0241_22.2483,85.0241,22.2483
D:\codes\Flood-Detection-Using-Deep-Learning-Model-From-Satellite-Images-\FloodDataset\validation_another\notdamage\70.095_18.2265.jpg,validation_another,notdamage,70.095_18.2265,70.095,18.2265
D:\codes\Flood-Detection-Using-Deep-Learning-Model-From-Satellite-Images-\FloodDataset\validation_another\notdamage\73.2284_27.9772.jpg,validation_another,notdamage,73.2284_27.9772,73.2284,27.9772
D:\codes\Flood-Detection-Using-Deep-Learning-Model-From-Satellite-Images-\FloodDataset\validation_another\notdamage\95.6722_33.7266.jpg,validation_another,notdamage,95.6722_33.7266,95.6722,33.7266
D:\codes\Flood-Detection-Using-Deep-Learning-Model-From-Satellite-Images-\FloodDataset\validation_another\notdamage\93.3803_26.3372.jpg,validation_another,notdamage,93.3803_26.3372,93.3803,26.3372
D:\codes\Flood-Detection-Using-Deep-Learning-Model-From-Satellite-Images-\FloodDataset\validation_another\notdamage\72.4715_31.186.jpg,validation_another,notdamage,72.4715_31.186,72.4715,31.186
D:\codes\Flood-Detection-Using-Deep-Learning-Model-From-Satellite-Images-\FloodDataset\validation_another\notdamage\95.7254_30.5596.jpg,validation_another,notdamage,95.7254_30.5596,95.7254,30.5596
D:\codes\Flood-Detection-Using-Deep-Learning-Model-From-Satellite-Images-\FloodDataset\validation_another\notdamage\92.3103_31.9857.jpg,validation_another,notdamage,92.3103_31.9857,92.3103,31.9857
D:\codes\Flood-Detection-Using-Deep-Learning-Model-From-Satellite-Images-\FloodDataset\validation_another\notdamage\76.3392_16.1746.jpg,validation_another,notdamage,76.3392_16.1746,76.3392,16.1746
D:\codes\Flood-Detection-Using-Deep-Learning-Model-From-Satellite-Images-\FloodDataset\validation_another\notdamage\90.5741_32.7536.jpg,validation_another,notdamage,90.5741_32.7536,90.5741,32.7536
D:\codes\Flood-Detection-Using-Deep-Learning-Model-From-Satellite-Images-\FloodDataset\validation_another\notdamage\84.884_21.3158.jpg,validation_another,notdamage,84.884_21.3158,84.884,21.3158
D:\codes\Flood-Detection-Using-Deep-Learning-Model-From-Satellite-Images-\FloodDataset\validation_another\notdamage\81.5107_24.3906.jpg,validation_another,notdamage,81.5107_24.3906,81.5107,24.3906
D:\codes\Flood-Detection-Using-Deep-Learning-Model-From-Satellite-Images-\FloodDataset\validation_another\notdamage\70.6067_29.3907.jpg,validation_another,notdamage,70.6067_29.3907,70.6067,29.3907
D:\codes\Flood-Detection-Using-Deep-Learning-Model-From-Satellite-Images-\FloodDataset\validation_another\notdamage\70.8972_29.7186.jpg,validation_another,notdamage,70.8972_29.7186,70.8972,29.7186
D:\codes\Flood-Detection-Using-Deep-Learning-Model-From-Satellite-Images-\FloodDataset\validation_another\notdamage\75.9783_10.4489.jpg,validation_another,notdamage,75.9783_10.4489,75.9783,10.4489
D:\codes\Flood-Detection-Using-Deep-Learning-Model-From-Satellite-Images-\FloodDataset\validation_another\notdamage\90.9815_31.0311.jpg,validation_another,notdamage,90.9815_31.0311,90.9815,31.0311
D:\codes\Flood-Detection-Using-Deep-Learning-Model-From-Satellite-Images-\FloodDataset\validation_another\notdamage\77.0904_13.0921.jpg,validation_another,notdamage,77.0904_13.0921,77.0904,13.0921
D:\codes\Flood-Detection-Using-Deep-Learning-Model-From-Satellite-Images-\FloodDataset\validation_another\notdamage\78.095_31.162.jpg,validation_another,notdamage,78.095_31.162,78.095,31.162
D:\codes\Flood-Detection-Using-Deep-Learning-Model-From-Satellite-Images-\FloodDataset\validation_another\notdamage\82.1739_30.6244.jpg,validation_another,notdamage,82.1739_30.6244,82.1739,30.6244
D:\codes\Flood-Detection-Using-Deep-Learning-Model-From-Satellite-Images-\FloodDataset\validation_another\notdamage\84.3068_30.8646.jpg,validation_another,notdamage,84.3068_30.8646,84.3068,30.8646
D:\codes\Flood-Detection-Using-Deep-Learning-Model-From-Satellite-Images-\FloodDataset\validation_another\notdamage\87.9672_25.6057.jpg,validation_another,notdamage,87.9672_25.6057,87.9672,25.6057
D:\codes\Flood-Detection-Using-Deep-Learning-Model-From-Satellite-Images-\FloodDataset\validation_another\notdamage\85.964_15.4441.jpg,validation_another,notdamage,85.964_15.4441,85.964,15.4441
D:\codes\Flood-Detection-Using-Deep-Learning-Model-From-Satellite-Images-\FloodDataset\validation_another\notdamage\85.7978_11.9758.jpg,validation_another,notdamage,85.7978_11.9758,85.7978,11.9758
D:\codes\Flood-Detection-Using-Deep-Learning-Model-From-Satellite-Images-\FloodDataset\validation_another\notdamage\80.0824_14.1609.jpg,validation_another,notdamage,80.0824_14.1609,80.0824,14.1609
D:\codes\Flood-Detection-Using-Deep-Learning-Model-From-Satellite-Images-\FloodDataset\validation_another\notdamage\70.2178_17.6827.jpg,validation_another,notdamage,70.2178_17.6827,70.2178,17.6827
D:\codes\Flood-Detection-Using-Deep-Learning-Model-From-Satellite-Images-\FloodDataset\validation_another\notdamage\95.2898_19.6459.jpg,validation_another,notdamage,95.2898_19.6459,95.2898,19.6459
D:\codes\Flood-Detection-Using-Deep-Learning-Model-From-Satellite-Images-\FloodDataset\validation_another\notdamage\93.864_21.0778.jpg,validation_another,notdamage,93.864_21.0778,93.864,21.0778
D:\codes\Flood-Detection-Using-Deep-Learning-Model-From-Satellite-Images-\FloodDataset\validation_another\notdamage\82.5889_34.1348.jpg,validation_another,notdamage,82.5889_34.1348,82.5889,34.1348
D:\codes\Flood-Detection-Using-Deep-Learning-Model-From-Satellite-Images-\FloodDataset\validation_another\notdamage\88.2465_11.9767.jpg,validation_another,notdamage,88.2465_11.9767,88.2465,11.9767
D:\codes\Flood-Detection-Using-Deep-Learning-Model-From-Satellite-Images-\FloodDataset\validation_another\notdamage\96.0249_12.1795.jpg,validation_another,notdamage,96.0249_12.1795,96.0249,12.1795
D:\codes\Flood-Detection-Using-Deep-Learning-Model-From-Satellite-Images-\FloodDataset\validation_another\notdamage\77.6301_10.3669.jpg,validation_another,notdamage,77.6301_10.3669,77.6301,10.3669
D:\codes\Flood-Detection-Using-Deep-Learning-Model-From-Satellite-Images-\FloodDataset\validation_another\notdamage\79.7308_17.1741.jpg,validation_another,notdamage,79.7308_17.1741,79.7308,17.1741
D:\codes\Flood-Detection-Using-Deep-Learning-Model-From-Satellite-Images-\FloodDataset\validation_another\notdamage\96.8807_11.1115.jpg,validation_another,notdamage,96.8807_11.1115,96.8807,11.1115
D:\codes\Flood-Detection-Using-Deep-Learning-Model-From-Satellite-Images-\FloodDataset\validation_another\notdamage\72.609_34.0522.jpg,validation_another,notdamage,72.609_34.0522,72.609,34.0522
D:\codes\Flood-Detection-Using-Deep-Learning-Model-From-Satellite-Images-\FloodDataset\validation_another\notdamage\85.6654_23.5034.jpg,validation_another,notdamage,85.6654_23.5034,85.6654,23.5034
D:\codes\Flood-Detection-Using-Deep-Learning-Model-From-Satellite-Images-\FloodDataset\validation_another\notdamage\78.7529_23.3399.jpg,validation_another,notdamage,78.7529_23.3399,78.7529,23.3399
D:\codes\Flood-Detection-Using-Deep-Learning-Model-From-Satellite-Images-\FloodDataset\validation_another\notdamage\80.4778_25.1478.jpg,validation_another,notdamage,80.4778_25.1478,80.4778,25.1478
D:\codes\Flood-Detection-Using-Deep-Learning-Model-From-Satellite-Images-\FloodDataset\validation_another\notdamage\94.0805_18.9391.jpg,validation_another,notdamage,94.0805_18.9391,94.0805,18.9391
D:\codes\Flood-Detection-Using-Deep-Learning-Model-From-Satellite-Images-\FloodDataset\validation_another\notdamage\75.7884_16.6235.jpg,validation_another,notdamage,75.7884_16.6235,75.7884,16.6235
D:\codes\Flood-Detection-Using-Deep-Learning-Model-From-Satellite-Images-\FloodDataset\validation_another\notdamage\82.8965_18.2751.jpg,validation_another,notdamage,82.8965_18.2751,82.8965,18.2751
D:\codes\Flood-Detection-Using-Deep-Learning-Model-From-Satellite-Images-\FloodDataset\validation_another\notdamage\78.3973_10.1382.jpg,validation_another,notdamage,78.3973_10.1382,78.3973,10.1382
D:\codes\Flood-Detection-Using-Deep-Learning-Model-From-Satellite-Images-\FloodDataset\validation_another\notdamage\86.6924_15.249.jpg,validation_another,notdamage,86.6924_15.249,86.6924,15.249
D:\codes\Flood-Detection-Using-Deep-Learning-Model-From-Satellite-Images-\FloodDataset\validation_another\notdamage\75.6197_13.5158.jpg,validation_another,notdamage,75.6197_13.5158,75.6197,13.5158
D:\codes\Flood-Detection-Using-Deep-Learning-Model-From-Satellite-Images-\FloodDataset\validation_another\notdamage\70.6298_28.0257.jpg,validation_another,notdamage,70.6298_28.0257,70.6298,28.0257
D:\codes\Flood-Detection-Using-Deep-Learning-Model-From-Satellite-Images-\FloodDataset\validation_another\notdamage\78.7112_20.7328.jpg,validation_another,notdamage,78.7112_20.7328,78.7112,20.7328
D:\codes\Flood-Detection-Using-Deep-Learning-Model-From-Satellite-Images-\FloodDataset\validation_another\notdamage\88.0592_24.7707.jpg,validation_another,notdamage,88.0592_24.7707,88.0592,24.7707
D:\codes\Flood-Detection-Using-Deep-Learning-Model-From-Satellite-Images-\FloodDataset\validation_another\notdamage\72.9159_20.4684.jpg,validation_another,notdamage,72.9159_20.4684,72.9159,20.4684
D:\codes\Flood-Detection-Using-Deep-Learning-Model-From-Satellite-Images-\FloodDataset\validation_another\notdamage\91.9104_30.8608.jpg,validation_another,notdamage,91.9104_30.8608,91.9104,30.8608
D:\codes\Flood-Detection-Using-Deep-Learning-Model-From-Satellite-Images-\FloodDataset\validation_another\notdamage\74.29_23.5214.jpg,validation_another,notdamage,74.29_23.5214,74.29,23.5214
D:\codes\Flood-Detection-Using-Deep-Learning-Model-From-Satellite-Images-\FloodDataset\validation_another\notdamage\69.0045_34.0194.jpg,validation_another,notdamage,69.0045_34.0194,69.0045,34.0194
D:\codes\Flood-Detection-Using-Deep-Learning-Model-From-Satellite-Images-\FloodDataset\validation_another\notdamage\81.6087_34.5918.jpg,validation_another,notdamage,81.6087_34.5918,81.6087,34.5918
D:\codes\Flood-Detection-Using-Deep-Learning-Model-From-Satellite-Images-\FloodDataset\validation_another\notdamage\75.1749_22.7384.jpg,validation_another,notdamage,75.1749_22.7384,75.1749,22.7384
D:\codes\Flood-Detection-Using-Deep-Learning-Model-From-Satellite-Images-\FloodDataset\validation_another\notdamage\70.153_25.4722.jpg,validation_another,notdamage,70.153_25.4722,70.153,25.4722
D:\codes\Flood-Detection-Using-Deep-Learning-Model-From-Satellite-Images-\FloodDataset\validation_another\notdamage\95.6306_16.1266.jpg,validation_another,notdamage,95.6306_16.1266,95.6306,16.1266
D:\codes\Flood-Detection-Using-Deep-Learning-Model-From-Satellite-Images-\FloodDataset\validation_another\notdamage\68.7027_29.5563.jpg,validation_another,notdamage,68.7027_29.5563,68.7027,29.5563
D:\codes\Flood-Detection-Using-Deep-Learning-Model-From-Satellite-Images-\FloodDataset\validation_another\notdamage\70.4242_33.4401.jpg,validation_another,notdamage,70.4242_33.4401,70.4242,33.4401
D:\codes\Flood-Detection-Using-Deep-Learning-Model-From-Satellite-Images-\FloodDataset\validation_another\notdamage\85.6052_20.5696.jpg,validation_another,notdamage,85.6052_20.5696,85.6052,20.5696
D:\codes\Flood-Detection-Using-Deep-Learning-Model-From-Satellite-Images-\FloodDataset\validation_another\notdamage\84.1174_28.3441.jpg,validation_another,notdamage,84.1174_28.3441,84.1174,28.3441
D:\codes\Flood-Detection-Using-Deep-Learning-Model-From-Satellite-Images-\FloodDataset\validation_another\notdamage\89.033_33.1825.jpg,validation_another,notdamage,89.033_33.1825,89.033,33.1825
D:\codes\Flood-Detection-Using-Deep-Learning-Model-From-Satellite-Images-\FloodDataset\validation_another\notdamage\78.1585_33.4004.jpg,validation_another,notdamage,78.1585_33.4004,78.1585,33.4004
D:\codes\Flood-Detection-Using-Deep-Learning-Model-From-Satellite-Images-\FloodDataset\validation_another\notdamage\79.2035_36.4277.jpg,validation_another,notdamage,79.2035_36.4277,79.2035,36.4277
D:\codes\Flood-Detection-Using-Deep-Learning-Model-From-Satellite-Images-\FloodDataset\validation_another\notdamage\73.5834_29.7236.jpg,validation_another,notdamage,73.5834_29.7236,73.5834,29.7236
D:\codes\Flood-Detection-Using-Deep-Learning-Model-From-Satellite-Images-\FloodDataset\validation_another\notdamage\87.6819_29.1464.jpg,validation_another,notdamage,87.6819_29.1464,87.6819,29.1464
D:\codes\Flood-Detection-Using-Deep-Learning-Model-From-Satellite-Images-\FloodDataset\validation_another\notdamage\68.4788_29.0622.jpg,validation_another,notdamage,68.4788_29.0622,68.4788,29.0622
D:\codes\Flood-Detection-Using-Deep-Learning-Model-From-Satellite-Images-\FloodDataset\validation_another\notdamage\70.9505_14.9405.jpg,validation_another,notdamage,70.9505_14.9405,70.9505,14.9405
D:\codes\Flood-Detection-Using-Deep-Learning-Model-From-Satellite-Images-\FloodDataset\validation_another\notdamage\85.0921_11.1297.jpg,validation_another,notdamage,85.0921_11.1297,85.0921,11.1297
D:\codes\Flood-Detection-Using-Deep-Learning-Model-From-Satellite-Images-\FloodDataset\validation_another\notdamage\96.3268_15.8687.jpg,validation_another,notdamage,96.3268_15.8687,96.3268,15.8687
D:\codes\Flood-Detection-Using-Deep-Learning-Model-From-Satellite-Images-\FloodDataset\validation_another\notdamage\78.2617_35.8297.jpg,validation_another,notdamage,78.2617_35.8297,78.2617,35.8297
D:\codes\Flood-Detection-Using-Deep-Learning-Model-From-Satellite-Images-\FloodDataset\validation_another\notdamage\75.7374_32.4414.jpg,validation_another,notdamage,75.7374_32.4414,75.7374,32.4414
D:\codes\Flood-Detection-Using-Deep-Learning-Model-From-Satellite-Images-\FloodDataset\validation_another\notdamage\94.2163_9.7612.jpg,validation_another,notdamage,94.2163_9.7612,94.2163,9.7612
D:\codes\Flood-Detection-Using-Deep-Learning-Model-From-Satellite-Images-\FloodDataset\validation_another\notdamage\94.4676_23.2031.jpg,validation_another,notdamage,94.4676_23.2031,94.4676,23.2031
D:\codes\Flood-Detection-Using-Deep-Learning-Model-From-Satellite-Images-\FloodDataset\validation_another\notdamage\91.266_16.4039.jpg,validation_another,notdamage,91.266_16.4039,91.266,16.4039
D:\codes\Flood-Detection-Using-Deep-Learning-Model-From-Satellite-Images-\FloodDataset\validation_another\notdamage\93.9428_29.2763.jpg,validation_another,notdamage,93.9428_29.2763,93.9428,29.2763
D:\codes\Flood-Detection-Using-Deep-Learning-Model-From-Satellite-Images-\FloodDataset\validation_another\notdamage\80.1696_8.9595.jpg,validation_another,notdamage,80.1696_8.9595,80.1696,8.9595
D:\codes\Flood-Detection-Using-Deep-Learning-Model-From-Satellite-Images-\FloodDataset\validation_another\notdamage\69.9429_18.4829.jpg,validation_another,notdamage,69.9429_18.4829,69.9429,18.4829
D:\codes\Flood-Detection-Using-Deep-Learning-Model-From-Satellite-Images-\FloodDataset\validation_another\notdamage\83.6983_35.3183.jpg,validation_another,notdamage,83.6983_35.3183,83.6983,35.3183
D:\codes\Flood-Detection-Using-Deep-Learning-Model-From-Satellite-Images-\FloodDataset\validation_another\notdamage\77.3154_18.3085.jpg,validation_another,notdamage,77.3154_18.3085,77.3154,18.3085
D:\codes\Flood-Detection-Using-Deep-Learning-Model-From-Satellite-Images-\FloodDataset\validation_another\notdamage\88.053_35.0067.jpg,validation_another,notdamage,88.053_35.0067,88.053,35.0067
D:\codes\Flood-Detection-Using-Deep-Learning-Model-From-Satellite-Images-\FloodDataset\validation_another\notdamage\86.0934_30.0884.jpg,validation_another,notdamage,86.0934_30.0884,86.0934,30.0884
D:\codes\Flood-Detection-Using-Deep-Learning-Model-From-Satellite-Images-\FloodDataset\validation_another\notdamage\85.8869_32.0915.jpg,validation_another,notdamage,85.8869_32.0915,85.8869,32.0915
D:\codes\Flood-Detection-Using-Deep-Learning-Model-From-Satellite-Images-\FloodDataset\validation_another\notdamage\79.223_14.0567.jpg,validation_another,notdamage,79.223_14.0567,79.223,14.0567
D:\codes\Flood-Detection-Using-Deep-Learning-Model-From-Satellite-Images-\FloodDataset\validation_another\notdamage\93.3121_31.4366.jpg,validation_another,notdamage,93.3121_31.4366,93.3121,31.4366
D:\codes\Flood-Detection-Using-Deep-Learning-Model-From-Satellite-Images-\FloodDataset\validation_another\notdamage\78.0848_25.5458.jpg,validation_another,notdamage,78.0848_25.5458,78.0848,25.5458
D:\codes\Flood-Detection-Using-Deep-Learning-Model-From-Satellite-Images-\FloodDataset\validation_another\notdamage\95.1413_23.6966.jpg,validation_another,notdamage,95.1413_23.6966,95.1413,23.6966
D:\codes\Flood-Detection-Using-Deep-Learning-Model-From-Satellite-Images-\FloodDataset\validation_another\notdamage\77.5679_24.4191.jpg,validation_another,notdamage,77.5679_24.4191,77.5679,24.4191
D:\codes\Flood-Detection-Using-Deep-Learning-Model-From-Satellite-Images-\FloodDataset\validation_another\notdamage\70.3805_10.5963.jpg,validation_another,notdamage,70.3805_10.5963,70.3805,10.5963
D:\codes\Flood-Detection-Using-Deep-Learning-Model-From-Satellite-Images-\FloodDataset\validation_another\notdamage\96.1406_15.1818.jpg,validation_another,notdamage,96.1406_15.1818,96.1406,15.1818
D:\codes\Flood-Detection-Using-Deep-Learning-Model-From-Satellite-Images-\FloodDataset\validation_another\notdamage\89.7738_17.2518.jpg,validation_another,notdamage,89.7738_17.2518,89.7738,17.2518
D:\codes\Flood-Detection-Using-Deep-Learning-Model-From-Satellite-Images-\FloodDataset\validation_another\notdamage\84.472_35.2541.jpg,validation_another,notdamage,84.472_35.2541,84.472,35.2541
D:\codes\Flood-Detection-Using-Deep-Learning-Model-From-Satellite-Images-\FloodDataset\validation_another\notdamage\92.14_21.4967.jpg,validation_another,notdamage,92.14_21.4967,92.14,21.4967
D:\codes\Flood-Detection-Using-Deep-Learning-Model-From-Satellite-Images-\FloodDataset\validation_another\notdamage\77.3888_26.9595.jpg,validation_another,notdamage,77.3888_26.9595,77.3888,26.9595
D:\codes\Flood-Detection-Using-Deep-Learning-Model-From-Satellite-Images-\FloodDataset\validation_another\notdamage\80.7509_8.0104.jpg,validation_another,notdamage,80.7509_8.0104,80.7509,8.0104
D:\codes\Flood-Detection-Using-Deep-Learning-Model-From-Satellite-Images-\FloodDataset\validation_another\notdamage\89.5641_26.6394.jpg,validation_another,notdamage,89.5641_26.6394,89.5641,26.6394
D:\codes\Flood-Detection-Using-Deep-Learning-Model-From-Satellite-Images-\FloodDataset\validation_another\notdamage\84.2615_19.5362.jpg,validation_another,notdamage,84.2615_19.5362,84.2615,19.5362
D:\codes\Flood-Detection-Using-Deep-Learning-Model-From-Satellite-Images-\FloodDataset\validation_another\notdamage\94.5173_32.45.jpg,validation_another,notdamage,94.5173_32.45,94.5173,32.45
D:\codes\Flood-Detection-Using-Deep-Learning-Model-From-Satellite-Images-\FloodDataset\validation_another\notdamage\82.5938_32.5837.jpg,validation_another,notdamage,82.5938_32.5837,82.5938,32.5837
D:\codes\Flood-Detection-Using-Deep-Learning-Model-From-Satellite-Images-\FloodDataset\validation_another\notdamage\88.2986_8.487.jpg,validation_another,notdamage,88.2986_8.487,88.2986,8.487
D:\codes\Flood-Detection-Using-Deep-Learning-Model-From-Satellite-Images-\FloodDataset\validation_another\notdamage\74.162_24.5396.jpg,validation_another,notdamage,74.162_24.5396,74.162,24.5396
D:\codes\Flood-Detection-Using-Deep-Learning-Model-From-Satellite-Images-\FloodDataset\validation_another\notdamage\82.3966_29.3742.jpg,validation_another,notdamage,82.3966_29.3742,82.3966,29.3742
D:\codes\Flood-Detection-Using-Deep-Learning-Model-From-Satellite-Images-\FloodDataset\validation_another\notdamage\70.9285_28.0881.jpg,validation_another,notdamage,70.9285_28.0881,70.9285,28.0881
D:\codes\Flood-Detection-Using-Deep-Learning-Model-From-Satellite-Images-\FloodDataset\validation_another\notdamage\85.2045_33.6336.jpg,validation_another,notdamage,85.2045_33.6336,85.2045,33.6336
D:\codes\Flood-Detection-Using-Deep-Learning-Model-From-Satellite-Images-\FloodDataset\validation_another\notdamage\93.8959_36.7498.jpg,validation_another,notdamage,93.8959_36.7498,93.8959,36.7498
D:\codes\Flood-Detection-Using-Deep-Learning-Model-From-Satellite-Images-\FloodDataset\validation_another\notdamage\70.5774_34.113.jpg,validation_another,notdamage,70.5774_34.113,70.5774,34.113
D:\codes\Flood-Detection-Using-Deep-Learning-Model-From-Satellite-Images-\FloodDataset\validation_another\notdamage\88.1655_21.4969.jpg,validation_another,notdamage,88.1655_21.4969,88.1655,21.4969
D:\codes\Flood-Detection-Using-Deep-Learning-Model-From-Satellite-Images-\FloodDataset\validation_another\notdamage\72.4872_14.517.jpg,validation_another,notdamage,72.4872_14.517,72.4872,14.517
D:\codes\Flood-Detection-Using-Deep-Learning-Model-From-Satellite-Images-\FloodDataset\validation_another\notdamage\92.7941_31.5837.jpg,validation_another,notdamage,92.7941_31.5837,92.7941,31.5837
D:\codes\Flood-Detection-Using-Deep-Learning-Model-From-Satellite-Images-\FloodDataset\validation_another\notdamage\93.1536_28.6492.jpg,validation_another,notdamage,93.1536_28.6492,93.1536,28.6492
D:\codes\Flood-Detection-Using-Deep-Learning-Model-From-Satellite-Images-\FloodDataset\validation_another\notdamage\94.2764_12.5734.jpg,validation_another,notdamage,94.2764_12.5734,94.2764,12.5734
D:\codes\Flood-Detection-Using-Deep-Learning-Model-From-Satellite-Images-\FloodDataset\validation_another\notdamage\96.6344_13.9719.jpg,validation_another,notdamage,96.6344_13.9719,96.6344,13.9719
D:\codes\Flood-Detection-Using-Deep-Learning-Model-From-Satellite-Images-\FloodDataset\validation_another\notdamage\79.1628_29.8295.jpg,validation_another,notdamage,79.1628_29.8295,79.1628,29.8295
D:\codes\Flood-Detection-Using-Deep-Learning-Model-From-Satellite-Images-\FloodDataset\validation_another\notdamage\87.0487_24.5572.jpg,validation_another,notdamage,87.0487_24.5572,87.0487,24.5572
D:\codes\Flood-Detection-Using-Deep-Learning-Model-From-Satellite-Images-\FloodDataset\validation_another\notdamage\72.3089_21.1798.jpg,validation_another,notdamage,72.3089_21.1798,72.3089,21.1798
D:\codes\Flood-Detection-Using-Deep-Learning-Model-From-Satellite-Images-\FloodDataset\validation_another\notdamage\83.511_9.941.jpg,validation_another,notdamage,83.511_9.941,83.511,9.941
D:\codes\Flood-Detection-Using-Deep-Learning-Model-From-Satellite-Images-\FloodDataset\validation_another\notdamage\91.2099_36.2058.jpg,validation_another,notdamage,91.2099_36.2058,91.2099,36.2058
D:\codes\Flood-Detection-Using-Deep-Learning-Model-From-Satellite-Images-\FloodDataset\validation_another\notdamage\95.7478_18.0229.jpg,validation_another,notdamage,95.7478_18.0229,95.7478,18.0229
D:\codes\Flood-Detection-Using-Deep-Learning-Model-From-Satellite-Images-\FloodDataset\validation_another\notdamage\68.0413_11.1684.jpg,validation_another,notdamage,68.0413_11.1684,68.0413,11.1684
D:\codes\Flood-Detection-Using-Deep-Learning-Model-From-Satellite-Images-\FloodDataset\validation_another\notdamage\93.2673_11.4652.jpg,validation_another,notdamage,93.2673_11.4652,93.2673,11.4652
D:\codes\Flood-Detection-Using-Deep-Learning-Model-From-Satellite-Images-\FloodDataset\validation_another\notdamage\92.8278_10.0182.jpg,validation_another,notdamage,92.8278_10.0182,92.8278,10.0182
D:\codes\Flood-Detection-Using-Deep-Learning-Model-From-Satellite-Images-\FloodDataset\validation_another\notdamage\81.0098_9.238.jpg,validation_another,notdamage,81.0098_9.238,81.0098,9.238
D:\codes\Flood-Detection-Using-Deep-Learning-Model-From-Satellite-Images-\FloodDataset\validation_another\notdamage\88.8228_10.9279.jpg,validation_another,notdamage,88.8228_10.9279,88.8228,10.9279
D:\codes\Flood-Detection-Using-Deep-Learning-Model-From-Satellite-Images-\FloodDataset\validation_another\notdamage\72.0176_9.3862.jpg,validation_another,notdamage,72.0176_9.3862,72.0176,9.3862
D:\codes\Flood-Detection-Using-Deep-Learning-Model-From-Satellite-Images-\FloodDataset\validation_another\notdamage\70.8749_31.7219.jpg,validation_another,notdamage,70.8749_31.7219,70.8749,31.7219
D:\codes\Flood-Detection-Using-Deep-Learning-Model-From-Satellite-Images-\FloodDataset\validation_another\notdamage\71.8158_23.7643.jpg,validation_another,notdamage,71.8158_23.7643,71.8158,23.7643
D:\codes\Flood-Detection-Using-Deep-Learning-Model-From-Satellite-Images-\FloodDataset\validation_another\notdamage\76.2597_14.775.jpg,validation_another,notdamage,76.2597_14.775,76.2597,14.775
D:\codes\Flood-Detection-Using-Deep-Learning-Model-From-Satellite-Images-\FloodDataset\validation_another\notdamage\83.835_10.6797.jpg,validation_another,notdamage,83.835_10.6797,83.835,10.6797
D:\codes\Flood-Detection-Using-Deep-Learning-Model-From-Satellite-Images-\FloodDataset\validation_another\notdamage\73.5277_29.9453.jpg,validation_another,notdamage,73.5277_29.9453,73.5277,29.9453
D:\codes\Flood-Detection-Using-Deep-Learning-Model-From-Satellite-Images-\FloodDataset\validation_another\notdamage\85.4672_25.9297.jpg,validation_another,notdamage,85.4672_25.9297,85.4672,25.9297
D:\codes\Flood-Detection-Using-Deep-Learning-Model-From-Satellite-Images-\FloodDataset\validation_another\notdamage\74.8574_32.1306.jpg,validation_another,notdamage,74.8574_32.1306,74.8574,32.1306
D:\codes\Flood-Detection-Using-Deep-Learning-Model-From-Satellite-Images-\FloodDataset\validation_another\notdamage\82.4458_33.6078.jpg,validation_another,notdamage,82.4458_33.6078,82.4458,33.6078
D:\codes\Flood-Detection-Using-Deep-Learning-Model-From-Satellite-Images-\FloodDataset\validation_another\notdamage\82.6645_23.139.jpg,validation_another,notdamage,82.6645_23.139,82.6645,23.139
D:\codes\Flood-Detection-Using-Deep-Learning-Model-From-Satellite-Images-\FloodDataset\validation_another\notdamage\70.8769_26.9188.jpg,validation_another,notdamage,70.8769_26.9188,70.8769,26.9188
D:\codes\Flood-Detection-Using-Deep-Learning-Model-From-Satellite-Images-\FloodDataset\validation_another\notdamage\79.6758_11.3795.jpg,validation_another,notdamage,79.6758_11.3795,79.6758,11.3795
D:\codes\Flood-Detection-Using-Deep-Learning-Model-From-Satellite-Images-\FloodDataset\validation_another\notdamage\74.9265_29.1886.jpg,validation_another,notdamage,74.9265_29.1886,74.9265,29.1886
D:\codes\Flood-Detection-Using-Deep-Learning-Model-From-Satellite-Images-\FloodDataset\validation_another\notdamage\92.644_36.6214.jpg,validation_another,notdamage,92.644_36.6214,92.644,36.6214
